solid OpenSCAD_Model
  facet normal -0.336883 0.941547 0
    outer loop
      vertex 5.74025 -13.8582 -39
      vertex 4.35427 -14.3541 39
      vertex 5.74025 -13.8582 39
    endloop
  endfacet
  facet normal -0.336883 0.941547 0
    outer loop
      vertex 4.35427 -14.3541 39
      vertex 5.74025 -13.8582 -39
      vertex 4.35427 -14.3541 -39
    endloop
  endfacet
  facet normal -0.0490479 0.998796 0
    outer loop
      vertex 1.47026 -14.9278 -39
      vertex 0 -15 39
      vertex 1.47026 -14.9278 39
    endloop
  endfacet
  facet normal -0.0490479 0.998796 0
    outer loop
      vertex 0 -15 39
      vertex 1.47026 -14.9278 -39
      vertex 0 -15 -39
    endloop
  endfacet
  facet normal -0.242996 0.970027 0
    outer loop
      vertex 4.35427 -14.3541 -39
      vertex 2.92635 -14.7118 39
      vertex 4.35427 -14.3541 39
    endloop
  endfacet
  facet normal -0.242996 0.970027 0
    outer loop
      vertex 2.92635 -14.7118 39
      vertex 4.35427 -14.3541 -39
      vertex 2.92635 -14.7118 -39
    endloop
  endfacet
  facet normal -0.989176 0.146737 0
    outer loop
      vertex 14.7118 -2.92635 -39
      vertex 14.9278 -1.47026 39
      vertex 14.9278 -1.47026 -39
    endloop
  endfacet
  facet normal -0.989176 0.146737 0
    outer loop
      vertex 14.9278 -1.47026 39
      vertex 14.7118 -2.92635 -39
      vertex 14.7118 -2.92635 39
    endloop
  endfacet
  facet normal -0.514116 0.857721 0
    outer loop
      vertex 8.33355 -12.472 -39
      vertex 7.07095 -13.2288 39
      vertex 8.33355 -12.472 39
    endloop
  endfacet
  facet normal -0.514116 0.857721 0
    outer loop
      vertex 7.07095 -13.2288 39
      vertex 8.33355 -12.472 -39
      vertex 7.07095 -13.2288 -39
    endloop
  endfacet
  facet normal -0.970027 0.242996 0
    outer loop
      vertex 14.3541 -4.35427 -39
      vertex 14.7118 -2.92635 39
      vertex 14.7118 -2.92635 -39
    endloop
  endfacet
  facet normal -0.970027 0.242996 0
    outer loop
      vertex 14.7118 -2.92635 39
      vertex 14.3541 -4.35427 -39
      vertex 14.3541 -4.35427 39
    endloop
  endfacet
  facet normal -0.941547 0.336883 0
    outer loop
      vertex 13.8582 -5.74025 -39
      vertex 14.3541 -4.35427 39
      vertex 14.3541 -4.35427 -39
    endloop
  endfacet
  facet normal -0.941547 0.336883 0
    outer loop
      vertex 14.3541 -4.35427 39
      vertex 13.8582 -5.74025 -39
      vertex 13.8582 -5.74025 39
    endloop
  endfacet
  facet normal -0.427569 0.903983 0
    outer loop
      vertex 7.07095 -13.2288 -39
      vertex 5.74025 -13.8582 39
      vertex 7.07095 -13.2288 39
    endloop
  endfacet
  facet normal -0.427569 0.903983 0
    outer loop
      vertex 5.74025 -13.8582 39
      vertex 7.07095 -13.2288 -39
      vertex 5.74025 -13.8582 -39
    endloop
  endfacet
  facet normal -0.857721 0.514116 0
    outer loop
      vertex 12.472 -8.33355 -39
      vertex 13.2288 -7.07095 39
      vertex 13.2288 -7.07095 -39
    endloop
  endfacet
  facet normal -0.857721 0.514116 0
    outer loop
      vertex 13.2288 -7.07095 39
      vertex 12.472 -8.33355 -39
      vertex 12.472 -8.33355 39
    endloop
  endfacet
  facet normal -0.903983 0.427569 0
    outer loop
      vertex 13.2288 -7.07095 -39
      vertex 13.8582 -5.74025 39
      vertex 13.8582 -5.74025 -39
    endloop
  endfacet
  facet normal -0.903983 0.427569 0
    outer loop
      vertex 13.8582 -5.74025 39
      vertex 13.2288 -7.07095 -39
      vertex 13.2288 -7.07095 39
    endloop
  endfacet
  facet normal -0.998796 0.0490479 0
    outer loop
      vertex 14.9278 -1.47026 -39
      vertex 15 0 39
      vertex 15 0 -39
    endloop
  endfacet
  facet normal -0.998796 0.0490479 0
    outer loop
      vertex 15 0 39
      vertex 14.9278 -1.47026 -39
      vertex 14.9278 -1.47026 39
    endloop
  endfacet
  facet normal -0.146737 0.989176 0
    outer loop
      vertex 2.92635 -14.7118 -39
      vertex 1.47026 -14.9278 39
      vertex 2.92635 -14.7118 39
    endloop
  endfacet
  facet normal -0.146737 0.989176 0
    outer loop
      vertex 1.47026 -14.9278 39
      vertex 2.92635 -14.7118 -39
      vertex 1.47026 -14.9278 -39
    endloop
  endfacet
  facet normal -0.740935 0.671577 0
    outer loop
      vertex 10.6066 -10.6066 -39
      vertex 11.5952 -9.5159 39
      vertex 11.5952 -9.5159 -39
    endloop
  endfacet
  facet normal -0.740935 0.671577 0
    outer loop
      vertex 11.5952 -9.5159 39
      vertex 10.6066 -10.6066 -39
      vertex 10.6066 -10.6066 39
    endloop
  endfacet
  facet normal -0.803237 0.59566 0
    outer loop
      vertex 11.5952 -9.5159 -39
      vertex 12.472 -8.33355 39
      vertex 12.472 -8.33355 -39
    endloop
  endfacet
  facet normal -0.803237 0.59566 0
    outer loop
      vertex 12.472 -8.33355 39
      vertex 11.5952 -9.5159 -39
      vertex 11.5952 -9.5159 39
    endloop
  endfacet
  facet normal -0.59566 0.803237 0
    outer loop
      vertex 9.5159 -11.5952 -39
      vertex 8.33355 -12.472 39
      vertex 9.5159 -11.5952 39
    endloop
  endfacet
  facet normal -0.59566 0.803237 0
    outer loop
      vertex 8.33355 -12.472 39
      vertex 9.5159 -11.5952 -39
      vertex 8.33355 -12.472 -39
    endloop
  endfacet
  facet normal 0 0 1
    outer loop
      vertex 5 0 -44
      vertex 40 0 -44
      vertex 39.8074 3.92068 -44
    endloop
  endfacet
  facet normal 0 0 1
    outer loop
      vertex 4.97592 0.490086 -44
      vertex 39.8074 3.92068 -44
      vertex 39.2314 7.80361 -44
    endloop
  endfacet
  facet normal 0 0 1
    outer loop
      vertex 40 0 -44
      vertex 5 0 -44
      vertex 39.8074 -3.92068 -44
    endloop
  endfacet
  facet normal 0 0 1
    outer loop
      vertex 4.90393 0.975451 -44
      vertex 39.2314 7.80361 -44
      vertex 38.2776 11.6114 -44
    endloop
  endfacet
  facet normal -0 0 1
    outer loop
      vertex 4.97592 -0.490086 -44
      vertex 39.8074 -3.92068 -44
      vertex 5 0 -44
    endloop
  endfacet
  facet normal 0 0 1
    outer loop
      vertex 4.7847 1.45142 -44
      vertex 38.2776 11.6114 -44
      vertex 36.9552 15.3073 -44
    endloop
  endfacet
  facet normal 0 0 1
    outer loop
      vertex 39.8074 -3.92068 -44
      vertex 4.97592 -0.490086 -44
      vertex 39.2314 -7.80361 -44
    endloop
  endfacet
  facet normal 0 0 1
    outer loop
      vertex 4.6194 1.91342 -44
      vertex 36.9552 15.3073 -44
      vertex 35.2768 18.8559 -44
    endloop
  endfacet
  facet normal -0 0 1
    outer loop
      vertex 4.90393 -0.975451 -44
      vertex 39.2314 -7.80361 -44
      vertex 4.97592 -0.490086 -44
    endloop
  endfacet
  facet normal 0 0 1
    outer loop
      vertex 4.40961 2.35698 -44
      vertex 35.2768 18.8559 -44
      vertex 33.2588 22.2228 -44
    endloop
  endfacet
  facet normal 0 0 1
    outer loop
      vertex 39.2314 -7.80361 -44
      vertex 4.90393 -0.975451 -44
      vertex 38.2776 -11.6114 -44
    endloop
  endfacet
  facet normal 0 0 1
    outer loop
      vertex 4.15735 2.77785 -44
      vertex 33.2588 22.2228 -44
      vertex 30.9204 25.3757 -44
    endloop
  endfacet
  facet normal -0 0 1
    outer loop
      vertex 4.7847 -1.45142 -44
      vertex 38.2776 -11.6114 -44
      vertex 4.90393 -0.975451 -44
    endloop
  endfacet
  facet normal 0 0 1
    outer loop
      vertex 3.86505 3.17197 -44
      vertex 30.9204 25.3757 -44
      vertex 28.2843 28.2843 -44
    endloop
  endfacet
  facet normal 0 0 1
    outer loop
      vertex 38.2776 -11.6114 -44
      vertex 4.7847 -1.45142 -44
      vertex 36.9552 -15.3073 -44
    endloop
  endfacet
  facet normal 0 0 1
    outer loop
      vertex 3.53553 3.53553 -44
      vertex 28.2843 28.2843 -44
      vertex 25.3757 30.9204 -44
    endloop
  endfacet
  facet normal -0 0 1
    outer loop
      vertex 4.6194 -1.91342 -44
      vertex 36.9552 -15.3073 -44
      vertex 4.7847 -1.45142 -44
    endloop
  endfacet
  facet normal 0 0 1
    outer loop
      vertex 3.17197 3.86505 -44
      vertex 25.3757 30.9204 -44
      vertex 22.2228 33.2588 -44
    endloop
  endfacet
  facet normal 0 0 1
    outer loop
      vertex 36.9552 -15.3073 -44
      vertex 4.6194 -1.91342 -44
      vertex 35.2768 -18.8559 -44
    endloop
  endfacet
  facet normal 0 0 1
    outer loop
      vertex 2.77785 4.15735 -44
      vertex 22.2228 33.2588 -44
      vertex 18.8559 35.2768 -44
    endloop
  endfacet
  facet normal -0 0 1
    outer loop
      vertex 4.40961 -2.35698 -44
      vertex 35.2768 -18.8559 -44
      vertex 4.6194 -1.91342 -44
    endloop
  endfacet
  facet normal 0 0 1
    outer loop
      vertex 2.35698 4.40961 -44
      vertex 18.8559 35.2768 -44
      vertex 15.3073 36.9552 -44
    endloop
  endfacet
  facet normal 0 0 1
    outer loop
      vertex 35.2768 -18.8559 -44
      vertex 4.40961 -2.35698 -44
      vertex 33.2588 -22.2228 -44
    endloop
  endfacet
  facet normal 0 0 1
    outer loop
      vertex 1.91342 4.6194 -44
      vertex 15.3073 36.9552 -44
      vertex 11.6114 38.2776 -44
    endloop
  endfacet
  facet normal -0 0 1
    outer loop
      vertex 4.15735 -2.77785 -44
      vertex 33.2588 -22.2228 -44
      vertex 4.40961 -2.35698 -44
    endloop
  endfacet
  facet normal 0 0 1
    outer loop
      vertex 1.45142 4.7847 -44
      vertex 11.6114 38.2776 -44
      vertex 7.80361 39.2314 -44
    endloop
  endfacet
  facet normal 0 0 1
    outer loop
      vertex 33.2588 -22.2228 -44
      vertex 4.15735 -2.77785 -44
      vertex 30.9204 -25.3757 -44
    endloop
  endfacet
  facet normal -0 0 1
    outer loop
      vertex 3.86505 -3.17197 -44
      vertex 30.9204 -25.3757 -44
      vertex 4.15735 -2.77785 -44
    endloop
  endfacet
  facet normal 0 0 1
    outer loop
      vertex 39.8074 3.92068 -44
      vertex 4.97592 0.490086 -44
      vertex 5 0 -44
    endloop
  endfacet
  facet normal 0 0 1
    outer loop
      vertex 39.2314 7.80361 -44
      vertex 4.90393 0.975451 -44
      vertex 4.97592 0.490086 -44
    endloop
  endfacet
  facet normal 0 0 1
    outer loop
      vertex 38.2776 11.6114 -44
      vertex 4.7847 1.45142 -44
      vertex 4.90393 0.975451 -44
    endloop
  endfacet
  facet normal 0 0 1
    outer loop
      vertex 36.9552 15.3073 -44
      vertex 4.6194 1.91342 -44
      vertex 4.7847 1.45142 -44
    endloop
  endfacet
  facet normal 0 0 1
    outer loop
      vertex 35.2768 18.8559 -44
      vertex 4.40961 2.35698 -44
      vertex 4.6194 1.91342 -44
    endloop
  endfacet
  facet normal 0 0 1
    outer loop
      vertex 33.2588 22.2228 -44
      vertex 4.15735 2.77785 -44
      vertex 4.40961 2.35698 -44
    endloop
  endfacet
  facet normal 0 0 1
    outer loop
      vertex 0.975451 4.90393 -44
      vertex 7.80361 39.2314 -44
      vertex 3.92068 39.8074 -44
    endloop
  endfacet
  facet normal 0 0 1
    outer loop
      vertex 30.9204 25.3757 -44
      vertex 3.86505 3.17197 -44
      vertex 4.15735 2.77785 -44
    endloop
  endfacet
  facet normal 0 0 1
    outer loop
      vertex 28.2843 28.2843 -44
      vertex 3.53553 3.53553 -44
      vertex 3.86505 3.17197 -44
    endloop
  endfacet
  facet normal 0 0 1
    outer loop
      vertex 25.3757 30.9204 -44
      vertex 3.17197 3.86505 -44
      vertex 3.53553 3.53553 -44
    endloop
  endfacet
  facet normal 0 0 1
    outer loop
      vertex 22.2228 33.2588 -44
      vertex 2.77785 4.15735 -44
      vertex 3.17197 3.86505 -44
    endloop
  endfacet
  facet normal 0 0 1
    outer loop
      vertex 18.8559 35.2768 -44
      vertex 2.35698 4.40961 -44
      vertex 2.77785 4.15735 -44
    endloop
  endfacet
  facet normal 0 0 1
    outer loop
      vertex 15.3073 36.9552 -44
      vertex 1.91342 4.6194 -44
      vertex 2.35698 4.40961 -44
    endloop
  endfacet
  facet normal 0 0 1
    outer loop
      vertex 11.6114 38.2776 -44
      vertex 1.45142 4.7847 -44
      vertex 1.91342 4.6194 -44
    endloop
  endfacet
  facet normal 0 0 1
    outer loop
      vertex 7.80361 39.2314 -44
      vertex 0.975451 4.90393 -44
      vertex 1.45142 4.7847 -44
    endloop
  endfacet
  facet normal 0 0 1
    outer loop
      vertex 3.92068 39.8074 -44
      vertex 0.490086 4.97592 -44
      vertex 0.975451 4.90393 -44
    endloop
  endfacet
  facet normal 0 0 1
    outer loop
      vertex 0 40 -44
      vertex 0.490086 4.97592 -44
      vertex 3.92068 39.8074 -44
    endloop
  endfacet
  facet normal 0 0 1
    outer loop
      vertex 0 40 -44
      vertex 0 5 -44
      vertex 0.490086 4.97592 -44
    endloop
  endfacet
  facet normal 0 0 1
    outer loop
      vertex 0 40 -44
      vertex -0.490086 4.97592 -44
      vertex 0 5 -44
    endloop
  endfacet
  facet normal -0 0 1
    outer loop
      vertex -3.92068 39.8074 -44
      vertex -0.490086 4.97592 -44
      vertex 0 40 -44
    endloop
  endfacet
  facet normal 0 0 1
    outer loop
      vertex -0.490086 4.97592 -44
      vertex -3.92068 39.8074 -44
      vertex -0.975451 4.90393 -44
    endloop
  endfacet
  facet normal -0 0 1
    outer loop
      vertex -7.80361 39.2314 -44
      vertex -0.975451 4.90393 -44
      vertex -3.92068 39.8074 -44
    endloop
  endfacet
  facet normal 0 0 1
    outer loop
      vertex -0.975451 4.90393 -44
      vertex -7.80361 39.2314 -44
      vertex -1.45142 4.7847 -44
    endloop
  endfacet
  facet normal -0 0 1
    outer loop
      vertex -11.6114 38.2776 -44
      vertex -1.45142 4.7847 -44
      vertex -7.80361 39.2314 -44
    endloop
  endfacet
  facet normal 0 0 1
    outer loop
      vertex -1.45142 4.7847 -44
      vertex -11.6114 38.2776 -44
      vertex -1.91342 4.6194 -44
    endloop
  endfacet
  facet normal -0 0 1
    outer loop
      vertex -15.3073 36.9552 -44
      vertex -1.91342 4.6194 -44
      vertex -11.6114 38.2776 -44
    endloop
  endfacet
  facet normal 0 0 1
    outer loop
      vertex -1.91342 4.6194 -44
      vertex -15.3073 36.9552 -44
      vertex -2.35698 4.40961 -44
    endloop
  endfacet
  facet normal -0 0 1
    outer loop
      vertex -18.8559 35.2768 -44
      vertex -2.35698 4.40961 -44
      vertex -15.3073 36.9552 -44
    endloop
  endfacet
  facet normal 0 0 1
    outer loop
      vertex -2.35698 4.40961 -44
      vertex -18.8559 35.2768 -44
      vertex -2.77785 4.15735 -44
    endloop
  endfacet
  facet normal -0 0 1
    outer loop
      vertex -22.2228 33.2588 -44
      vertex -2.77785 4.15735 -44
      vertex -18.8559 35.2768 -44
    endloop
  endfacet
  facet normal 0 0 1
    outer loop
      vertex -2.77785 4.15735 -44
      vertex -22.2228 33.2588 -44
      vertex -3.17197 3.86505 -44
    endloop
  endfacet
  facet normal -0 0 1
    outer loop
      vertex -25.3757 30.9204 -44
      vertex -3.17197 3.86505 -44
      vertex -22.2228 33.2588 -44
    endloop
  endfacet
  facet normal 0 0 1
    outer loop
      vertex -3.17197 3.86505 -44
      vertex -25.3757 30.9204 -44
      vertex -3.53553 3.53553 -44
    endloop
  endfacet
  facet normal -0 0 1
    outer loop
      vertex -28.2843 28.2843 -44
      vertex -3.53553 3.53553 -44
      vertex -25.3757 30.9204 -44
    endloop
  endfacet
  facet normal 0 0 1
    outer loop
      vertex -3.53553 3.53553 -44
      vertex -28.2843 28.2843 -44
      vertex -3.86505 3.17197 -44
    endloop
  endfacet
  facet normal -0 0 1
    outer loop
      vertex -30.9204 25.3757 -44
      vertex -3.86505 3.17197 -44
      vertex -28.2843 28.2843 -44
    endloop
  endfacet
  facet normal 0 0 1
    outer loop
      vertex 30.9204 -25.3757 -44
      vertex 3.86505 -3.17197 -44
      vertex 28.2843 -28.2843 -44
    endloop
  endfacet
  facet normal -0 0 1
    outer loop
      vertex 3.53553 -3.53553 -44
      vertex 28.2843 -28.2843 -44
      vertex 3.86505 -3.17197 -44
    endloop
  endfacet
  facet normal 0 0 1
    outer loop
      vertex 28.2843 -28.2843 -44
      vertex 3.53553 -3.53553 -44
      vertex 25.3757 -30.9204 -44
    endloop
  endfacet
  facet normal -0 0 1
    outer loop
      vertex 3.17197 -3.86505 -44
      vertex 25.3757 -30.9204 -44
      vertex 3.53553 -3.53553 -44
    endloop
  endfacet
  facet normal 0 0 1
    outer loop
      vertex 25.3757 -30.9204 -44
      vertex 3.17197 -3.86505 -44
      vertex 22.2228 -33.2588 -44
    endloop
  endfacet
  facet normal -0 0 1
    outer loop
      vertex 2.77785 -4.15735 -44
      vertex 22.2228 -33.2588 -44
      vertex 3.17197 -3.86505 -44
    endloop
  endfacet
  facet normal 0 0 1
    outer loop
      vertex 22.2228 -33.2588 -44
      vertex 2.77785 -4.15735 -44
      vertex 18.8559 -35.2768 -44
    endloop
  endfacet
  facet normal -0 0 1
    outer loop
      vertex 2.35698 -4.40961 -44
      vertex 18.8559 -35.2768 -44
      vertex 2.77785 -4.15735 -44
    endloop
  endfacet
  facet normal 0 0 1
    outer loop
      vertex 18.8559 -35.2768 -44
      vertex 2.35698 -4.40961 -44
      vertex 15.3073 -36.9552 -44
    endloop
  endfacet
  facet normal -0 0 1
    outer loop
      vertex 1.91342 -4.6194 -44
      vertex 15.3073 -36.9552 -44
      vertex 2.35698 -4.40961 -44
    endloop
  endfacet
  facet normal 0 0 1
    outer loop
      vertex 15.3073 -36.9552 -44
      vertex 1.91342 -4.6194 -44
      vertex 11.6114 -38.2776 -44
    endloop
  endfacet
  facet normal -0 0 1
    outer loop
      vertex 1.45142 -4.7847 -44
      vertex 11.6114 -38.2776 -44
      vertex 1.91342 -4.6194 -44
    endloop
  endfacet
  facet normal 0 0 1
    outer loop
      vertex 11.6114 -38.2776 -44
      vertex 1.45142 -4.7847 -44
      vertex 7.80361 -39.2314 -44
    endloop
  endfacet
  facet normal -0 0 1
    outer loop
      vertex 0.975451 -4.90393 -44
      vertex 7.80361 -39.2314 -44
      vertex 1.45142 -4.7847 -44
    endloop
  endfacet
  facet normal 0 0 1
    outer loop
      vertex 7.80361 -39.2314 -44
      vertex 0.975451 -4.90393 -44
      vertex 3.92068 -39.8074 -44
    endloop
  endfacet
  facet normal -0 0 1
    outer loop
      vertex 0.490086 -4.97592 -44
      vertex 3.92068 -39.8074 -44
      vertex 0.975451 -4.90393 -44
    endloop
  endfacet
  facet normal -0 0 1
    outer loop
      vertex 0 -5 -44
      vertex 3.92068 -39.8074 -44
      vertex 0.490086 -4.97592 -44
    endloop
  endfacet
  facet normal 0 0 1
    outer loop
      vertex 0 -5 -44
      vertex 0 -40 -44
      vertex 3.92068 -39.8074 -44
    endloop
  endfacet
  facet normal 0 0 1
    outer loop
      vertex -0.490086 -4.97592 -44
      vertex 0 -40 -44
      vertex 0 -5 -44
    endloop
  endfacet
  facet normal 0 0 1
    outer loop
      vertex -3.92068 -39.8074 -44
      vertex -0.490086 -4.97592 -44
      vertex -0.975451 -4.90393 -44
    endloop
  endfacet
  facet normal 0 0 1
    outer loop
      vertex -7.80361 -39.2314 -44
      vertex -0.975451 -4.90393 -44
      vertex -1.45142 -4.7847 -44
    endloop
  endfacet
  facet normal 0 0 1
    outer loop
      vertex -11.6114 -38.2776 -44
      vertex -1.45142 -4.7847 -44
      vertex -1.91342 -4.6194 -44
    endloop
  endfacet
  facet normal 0 0 1
    outer loop
      vertex -15.3073 -36.9552 -44
      vertex -1.91342 -4.6194 -44
      vertex -2.35698 -4.40961 -44
    endloop
  endfacet
  facet normal 0 0 1
    outer loop
      vertex -18.8559 -35.2768 -44
      vertex -2.35698 -4.40961 -44
      vertex -2.77785 -4.15735 -44
    endloop
  endfacet
  facet normal 0 0 1
    outer loop
      vertex -22.2228 -33.2588 -44
      vertex -2.77785 -4.15735 -44
      vertex -3.17197 -3.86505 -44
    endloop
  endfacet
  facet normal 0 0 1
    outer loop
      vertex -25.3757 -30.9204 -44
      vertex -3.17197 -3.86505 -44
      vertex -3.53553 -3.53553 -44
    endloop
  endfacet
  facet normal 0 0 1
    outer loop
      vertex -28.2843 -28.2843 -44
      vertex -3.53553 -3.53553 -44
      vertex -3.86505 -3.17197 -44
    endloop
  endfacet
  facet normal 0 0 1
    outer loop
      vertex -0.490086 -4.97592 -44
      vertex -3.92068 -39.8074 -44
      vertex 0 -40 -44
    endloop
  endfacet
  facet normal 0 0 1
    outer loop
      vertex -30.9204 -25.3757 -44
      vertex -3.86505 -3.17197 -44
      vertex -4.15735 -2.77785 -44
    endloop
  endfacet
  facet normal 0 0 1
    outer loop
      vertex -33.2588 -22.2228 -44
      vertex -4.15735 -2.77785 -44
      vertex -4.40961 -2.35698 -44
    endloop
  endfacet
  facet normal 0 0 1
    outer loop
      vertex -35.2768 -18.8559 -44
      vertex -4.40961 -2.35698 -44
      vertex -4.6194 -1.91342 -44
    endloop
  endfacet
  facet normal 0 0 1
    outer loop
      vertex -36.9552 -15.3073 -44
      vertex -4.6194 -1.91342 -44
      vertex -4.7847 -1.45142 -44
    endloop
  endfacet
  facet normal 0 0 1
    outer loop
      vertex -38.2776 -11.6114 -44
      vertex -4.7847 -1.45142 -44
      vertex -4.90393 -0.975451 -44
    endloop
  endfacet
  facet normal 0 0 1
    outer loop
      vertex -39.2314 -7.80361 -44
      vertex -4.90393 -0.975451 -44
      vertex -4.97592 -0.490086 -44
    endloop
  endfacet
  facet normal 0 0 1
    outer loop
      vertex -39.8074 -3.92068 -44
      vertex -4.97592 -0.490086 -44
      vertex -5 0 -44
    endloop
  endfacet
  facet normal 0 0 1
    outer loop
      vertex -3.86505 3.17197 -44
      vertex -30.9204 25.3757 -44
      vertex -4.15735 2.77785 -44
    endloop
  endfacet
  facet normal 0 0 1
    outer loop
      vertex -0.975451 -4.90393 -44
      vertex -7.80361 -39.2314 -44
      vertex -3.92068 -39.8074 -44
    endloop
  endfacet
  facet normal -0 0 1
    outer loop
      vertex -33.2588 22.2228 -44
      vertex -4.15735 2.77785 -44
      vertex -30.9204 25.3757 -44
    endloop
  endfacet
  facet normal 0 0 1
    outer loop
      vertex -1.45142 -4.7847 -44
      vertex -11.6114 -38.2776 -44
      vertex -7.80361 -39.2314 -44
    endloop
  endfacet
  facet normal 0 0 1
    outer loop
      vertex -4.15735 2.77785 -44
      vertex -33.2588 22.2228 -44
      vertex -4.40961 2.35698 -44
    endloop
  endfacet
  facet normal 0 0 1
    outer loop
      vertex -1.91342 -4.6194 -44
      vertex -15.3073 -36.9552 -44
      vertex -11.6114 -38.2776 -44
    endloop
  endfacet
  facet normal -0 0 1
    outer loop
      vertex -35.2768 18.8559 -44
      vertex -4.40961 2.35698 -44
      vertex -33.2588 22.2228 -44
    endloop
  endfacet
  facet normal 0 0 1
    outer loop
      vertex -2.35698 -4.40961 -44
      vertex -18.8559 -35.2768 -44
      vertex -15.3073 -36.9552 -44
    endloop
  endfacet
  facet normal 0 0 1
    outer loop
      vertex -4.40961 2.35698 -44
      vertex -35.2768 18.8559 -44
      vertex -4.6194 1.91342 -44
    endloop
  endfacet
  facet normal 0 0 1
    outer loop
      vertex -2.77785 -4.15735 -44
      vertex -22.2228 -33.2588 -44
      vertex -18.8559 -35.2768 -44
    endloop
  endfacet
  facet normal -0 0 1
    outer loop
      vertex -36.9552 15.3073 -44
      vertex -4.6194 1.91342 -44
      vertex -35.2768 18.8559 -44
    endloop
  endfacet
  facet normal 0 0 1
    outer loop
      vertex -3.17197 -3.86505 -44
      vertex -25.3757 -30.9204 -44
      vertex -22.2228 -33.2588 -44
    endloop
  endfacet
  facet normal 0 0 1
    outer loop
      vertex -4.6194 1.91342 -44
      vertex -36.9552 15.3073 -44
      vertex -4.7847 1.45142 -44
    endloop
  endfacet
  facet normal 0 0 1
    outer loop
      vertex -3.53553 -3.53553 -44
      vertex -28.2843 -28.2843 -44
      vertex -25.3757 -30.9204 -44
    endloop
  endfacet
  facet normal -0 0 1
    outer loop
      vertex -38.2776 11.6114 -44
      vertex -4.7847 1.45142 -44
      vertex -36.9552 15.3073 -44
    endloop
  endfacet
  facet normal 0 0 1
    outer loop
      vertex -3.86505 -3.17197 -44
      vertex -30.9204 -25.3757 -44
      vertex -28.2843 -28.2843 -44
    endloop
  endfacet
  facet normal 0 0 1
    outer loop
      vertex -4.7847 1.45142 -44
      vertex -38.2776 11.6114 -44
      vertex -4.90393 0.975451 -44
    endloop
  endfacet
  facet normal 0 0 1
    outer loop
      vertex -4.15735 -2.77785 -44
      vertex -33.2588 -22.2228 -44
      vertex -30.9204 -25.3757 -44
    endloop
  endfacet
  facet normal -0 0 1
    outer loop
      vertex -39.2314 7.80361 -44
      vertex -4.90393 0.975451 -44
      vertex -38.2776 11.6114 -44
    endloop
  endfacet
  facet normal 0 0 1
    outer loop
      vertex -4.40961 -2.35698 -44
      vertex -35.2768 -18.8559 -44
      vertex -33.2588 -22.2228 -44
    endloop
  endfacet
  facet normal 0 0 1
    outer loop
      vertex -4.90393 0.975451 -44
      vertex -39.2314 7.80361 -44
      vertex -4.97592 0.490086 -44
    endloop
  endfacet
  facet normal 0 0 1
    outer loop
      vertex -4.6194 -1.91342 -44
      vertex -36.9552 -15.3073 -44
      vertex -35.2768 -18.8559 -44
    endloop
  endfacet
  facet normal -0 0 1
    outer loop
      vertex -39.8074 3.92068 -44
      vertex -4.97592 0.490086 -44
      vertex -39.2314 7.80361 -44
    endloop
  endfacet
  facet normal 0 0 1
    outer loop
      vertex -4.7847 -1.45142 -44
      vertex -38.2776 -11.6114 -44
      vertex -36.9552 -15.3073 -44
    endloop
  endfacet
  facet normal 0 0 1
    outer loop
      vertex -4.97592 0.490086 -44
      vertex -39.8074 3.92068 -44
      vertex -5 0 -44
    endloop
  endfacet
  facet normal 0 0 1
    outer loop
      vertex -4.90393 -0.975451 -44
      vertex -39.2314 -7.80361 -44
      vertex -38.2776 -11.6114 -44
    endloop
  endfacet
  facet normal 0 0 1
    outer loop
      vertex -40 0 -44
      vertex -5 0 -44
      vertex -39.8074 3.92068 -44
    endloop
  endfacet
  facet normal 0 0 1
    outer loop
      vertex -4.97592 -0.490086 -44
      vertex -39.8074 -3.92068 -44
      vertex -39.2314 -7.80361 -44
    endloop
  endfacet
  facet normal 0 0 1
    outer loop
      vertex -5 0 -44
      vertex -40 0 -44
      vertex -39.8074 -3.92068 -44
    endloop
  endfacet
  facet normal -0.671577 0.740935 0
    outer loop
      vertex 10.6066 -10.6066 -39
      vertex 9.5159 -11.5952 39
      vertex 10.6066 -10.6066 39
    endloop
  endfacet
  facet normal -0.671577 0.740935 0
    outer loop
      vertex 9.5159 -11.5952 39
      vertex 10.6066 -10.6066 -39
      vertex 9.5159 -11.5952 -39
    endloop
  endfacet
  facet normal -0 0 -1
    outer loop
      vertex 14.6967 14.6967 44
      vertex 3.17197 3.86505 44
      vertex 14.2024 15.2421 44
    endloop
  endfacet
  facet normal 0 0 -1
    outer loop
      vertex 2.77785 4.15735 44
      vertex 14.2024 15.2421 44
      vertex 3.17197 3.86505 44
    endloop
  endfacet
  facet normal -0 0 -1
    outer loop
      vertex 14.2024 15.2421 44
      vertex 2.77785 4.15735 44
      vertex 13.764 15.8332 44
    endloop
  endfacet
  facet normal 0 0 -1
    outer loop
      vertex 2.35698 4.40961 44
      vertex 13.764 15.8332 44
      vertex 2.77785 4.15735 44
    endloop
  endfacet
  facet normal -0 0 -1
    outer loop
      vertex 13.764 15.8332 44
      vertex 2.35698 4.40961 44
      vertex 13.3856 16.4645 44
    endloop
  endfacet
  facet normal 0 0 -1
    outer loop
      vertex 1.91342 4.6194 44
      vertex 13.3856 16.4645 44
      vertex 2.35698 4.40961 44
    endloop
  endfacet
  facet normal -0 0 -1
    outer loop
      vertex 13.3856 16.4645 44
      vertex 1.91342 4.6194 44
      vertex 13.0709 17.1299 44
    endloop
  endfacet
  facet normal 0 0 -1
    outer loop
      vertex 1.45142 4.7847 44
      vertex 13.0709 17.1299 44
      vertex 1.91342 4.6194 44
    endloop
  endfacet
  facet normal -0 0 -1
    outer loop
      vertex 13.0709 17.1299 44
      vertex 1.45142 4.7847 44
      vertex 12.8229 17.8229 44
    endloop
  endfacet
  facet normal 0 0 -1
    outer loop
      vertex 0.975451 4.90393 44
      vertex 12.8229 17.8229 44
      vertex 1.45142 4.7847 44
    endloop
  endfacet
  facet normal -0 0 -1
    outer loop
      vertex 12.8229 17.8229 44
      vertex 0.975451 4.90393 44
      vertex 12.6441 18.5368 44
    endloop
  endfacet
  facet normal 0 0 -1
    outer loop
      vertex 0.490086 4.97592 44
      vertex 12.6441 18.5368 44
      vertex 0.975451 4.90393 44
    endloop
  endfacet
  facet normal 0 0 -1
    outer loop
      vertex 0 5 44
      vertex 12.6441 18.5368 44
      vertex 0.490086 4.97592 44
    endloop
  endfacet
  facet normal -0 0 -1
    outer loop
      vertex 12.6441 18.5368 44
      vertex 0 5 44
      vertex 12.5361 19.2649 44
    endloop
  endfacet
  facet normal 0 0 -1
    outer loop
      vertex 12.5 20 44
      vertex 3.92068 39.8074 44
      vertex 7.80361 39.2314 44
    endloop
  endfacet
  facet normal 0 0 -1
    outer loop
      vertex -0.490086 4.97592 44
      vertex 12.5361 19.2649 44
      vertex 0 5 44
    endloop
  endfacet
  facet normal -0 0 -1
    outer loop
      vertex 12.5361 19.2649 44
      vertex -0.490086 4.97592 44
      vertex 12.5 20 44
    endloop
  endfacet
  facet normal 0 0 -1
    outer loop
      vertex 12.5 20 44
      vertex 0 40 44
      vertex 3.92068 39.8074 44
    endloop
  endfacet
  facet normal 0 0 -1
    outer loop
      vertex -0.975451 4.90393 44
      vertex 12.5 20 44
      vertex -0.490086 4.97592 44
    endloop
  endfacet
  facet normal 0 0 -1
    outer loop
      vertex -7.80361 39.2314 44
      vertex 12.5 20 44
      vertex -0.975451 4.90393 44
    endloop
  endfacet
  facet normal 0 0 -1
    outer loop
      vertex -7.80361 39.2314 44
      vertex -0.975451 4.90393 44
      vertex -1.45142 4.7847 44
    endloop
  endfacet
  facet normal 0 0 -1
    outer loop
      vertex -11.6114 38.2776 44
      vertex -1.45142 4.7847 44
      vertex -1.91342 4.6194 44
    endloop
  endfacet
  facet normal 0 0 -1
    outer loop
      vertex -15.3073 36.9552 44
      vertex -1.91342 4.6194 44
      vertex -2.35698 4.40961 44
    endloop
  endfacet
  facet normal 0 0 -1
    outer loop
      vertex -18.8559 35.2768 44
      vertex -2.35698 4.40961 44
      vertex -2.77785 4.15735 44
    endloop
  endfacet
  facet normal 0 0 -1
    outer loop
      vertex -22.2228 33.2588 44
      vertex -2.77785 4.15735 44
      vertex -3.17197 3.86505 44
    endloop
  endfacet
  facet normal 0 0 -1
    outer loop
      vertex -25.3757 30.9204 44
      vertex -3.17197 3.86505 44
      vertex -3.53553 3.53553 44
    endloop
  endfacet
  facet normal 0 0 -1
    outer loop
      vertex -28.2843 28.2843 44
      vertex -3.53553 3.53553 44
      vertex -3.86505 3.17197 44
    endloop
  endfacet
  facet normal 0 0 -1
    outer loop
      vertex 12.5 20 44
      vertex -3.92068 39.8074 44
      vertex 0 40 44
    endloop
  endfacet
  facet normal 0 0 -1
    outer loop
      vertex -30.9204 25.3757 44
      vertex -3.86505 3.17197 44
      vertex -4.15735 2.77785 44
    endloop
  endfacet
  facet normal 0 0 -1
    outer loop
      vertex -33.2588 22.2228 44
      vertex -4.15735 2.77785 44
      vertex -4.40961 2.35698 44
    endloop
  endfacet
  facet normal 0 0 -1
    outer loop
      vertex -35.2768 18.8559 44
      vertex -4.40961 2.35698 44
      vertex -4.6194 1.91342 44
    endloop
  endfacet
  facet normal 0 0 -1
    outer loop
      vertex -36.9552 15.3073 44
      vertex -4.6194 1.91342 44
      vertex -4.7847 1.45142 44
    endloop
  endfacet
  facet normal 0 0 -1
    outer loop
      vertex -38.2776 11.6114 44
      vertex -4.7847 1.45142 44
      vertex -4.90393 0.975451 44
    endloop
  endfacet
  facet normal 0 0 -1
    outer loop
      vertex -39.2314 7.80361 44
      vertex -4.90393 0.975451 44
      vertex -4.97592 0.490086 44
    endloop
  endfacet
  facet normal 0 0 -1
    outer loop
      vertex -39.8074 3.92068 44
      vertex -4.97592 0.490086 44
      vertex -5 0 44
    endloop
  endfacet
  facet normal -0 0 -1
    outer loop
      vertex -3.86505 -3.17197 44
      vertex -30.9204 -25.3757 44
      vertex -4.15735 -2.77785 44
    endloop
  endfacet
  facet normal 0 0 -1
    outer loop
      vertex 12.5 20 44
      vertex -7.80361 39.2314 44
      vertex -3.92068 39.8074 44
    endloop
  endfacet
  facet normal 0 0 -1
    outer loop
      vertex -33.2588 -22.2228 44
      vertex -4.15735 -2.77785 44
      vertex -30.9204 -25.3757 44
    endloop
  endfacet
  facet normal 0 0 -1
    outer loop
      vertex -1.45142 4.7847 44
      vertex -11.6114 38.2776 44
      vertex -7.80361 39.2314 44
    endloop
  endfacet
  facet normal -0 0 -1
    outer loop
      vertex -4.15735 -2.77785 44
      vertex -33.2588 -22.2228 44
      vertex -4.40961 -2.35698 44
    endloop
  endfacet
  facet normal 0 0 -1
    outer loop
      vertex -1.91342 4.6194 44
      vertex -15.3073 36.9552 44
      vertex -11.6114 38.2776 44
    endloop
  endfacet
  facet normal 0 0 -1
    outer loop
      vertex -35.2768 -18.8559 44
      vertex -4.40961 -2.35698 44
      vertex -33.2588 -22.2228 44
    endloop
  endfacet
  facet normal 0 0 -1
    outer loop
      vertex -2.35698 4.40961 44
      vertex -18.8559 35.2768 44
      vertex -15.3073 36.9552 44
    endloop
  endfacet
  facet normal -0 0 -1
    outer loop
      vertex -4.40961 -2.35698 44
      vertex -35.2768 -18.8559 44
      vertex -4.6194 -1.91342 44
    endloop
  endfacet
  facet normal 0 0 -1
    outer loop
      vertex -2.77785 4.15735 44
      vertex -22.2228 33.2588 44
      vertex -18.8559 35.2768 44
    endloop
  endfacet
  facet normal 0 0 -1
    outer loop
      vertex -36.9552 -15.3073 44
      vertex -4.6194 -1.91342 44
      vertex -35.2768 -18.8559 44
    endloop
  endfacet
  facet normal 0 0 -1
    outer loop
      vertex -3.17197 3.86505 44
      vertex -25.3757 30.9204 44
      vertex -22.2228 33.2588 44
    endloop
  endfacet
  facet normal -0 0 -1
    outer loop
      vertex -4.6194 -1.91342 44
      vertex -36.9552 -15.3073 44
      vertex -4.7847 -1.45142 44
    endloop
  endfacet
  facet normal 0 0 -1
    outer loop
      vertex -3.53553 3.53553 44
      vertex -28.2843 28.2843 44
      vertex -25.3757 30.9204 44
    endloop
  endfacet
  facet normal 0 0 -1
    outer loop
      vertex -38.2776 -11.6114 44
      vertex -4.7847 -1.45142 44
      vertex -36.9552 -15.3073 44
    endloop
  endfacet
  facet normal 0 0 -1
    outer loop
      vertex -3.86505 3.17197 44
      vertex -30.9204 25.3757 44
      vertex -28.2843 28.2843 44
    endloop
  endfacet
  facet normal -0 0 -1
    outer loop
      vertex -4.7847 -1.45142 44
      vertex -38.2776 -11.6114 44
      vertex -4.90393 -0.975451 44
    endloop
  endfacet
  facet normal 0 0 -1
    outer loop
      vertex -4.15735 2.77785 44
      vertex -33.2588 22.2228 44
      vertex -30.9204 25.3757 44
    endloop
  endfacet
  facet normal 0 0 -1
    outer loop
      vertex -39.2314 -7.80361 44
      vertex -4.90393 -0.975451 44
      vertex -38.2776 -11.6114 44
    endloop
  endfacet
  facet normal 0 0 -1
    outer loop
      vertex -4.40961 2.35698 44
      vertex -35.2768 18.8559 44
      vertex -33.2588 22.2228 44
    endloop
  endfacet
  facet normal -0 0 -1
    outer loop
      vertex -4.90393 -0.975451 44
      vertex -39.2314 -7.80361 44
      vertex -4.97592 -0.490086 44
    endloop
  endfacet
  facet normal 0 0 -1
    outer loop
      vertex -4.6194 1.91342 44
      vertex -36.9552 15.3073 44
      vertex -35.2768 18.8559 44
    endloop
  endfacet
  facet normal 0 0 -1
    outer loop
      vertex -39.8074 -3.92068 44
      vertex -4.97592 -0.490086 44
      vertex -39.2314 -7.80361 44
    endloop
  endfacet
  facet normal 0 0 -1
    outer loop
      vertex -4.7847 1.45142 44
      vertex -38.2776 11.6114 44
      vertex -36.9552 15.3073 44
    endloop
  endfacet
  facet normal -0 0 -1
    outer loop
      vertex -4.97592 -0.490086 44
      vertex -39.8074 -3.92068 44
      vertex -5 0 44
    endloop
  endfacet
  facet normal 0 0 -1
    outer loop
      vertex -4.90393 0.975451 44
      vertex -39.2314 7.80361 44
      vertex -38.2776 11.6114 44
    endloop
  endfacet
  facet normal 0 0 -1
    outer loop
      vertex -40 0 44
      vertex -5 0 44
      vertex -39.8074 -3.92068 44
    endloop
  endfacet
  facet normal 0 0 -1
    outer loop
      vertex -4.97592 0.490086 44
      vertex -39.8074 3.92068 44
      vertex -39.2314 7.80361 44
    endloop
  endfacet
  facet normal 0 0 -1
    outer loop
      vertex -5 0 44
      vertex -40 0 44
      vertex -39.8074 3.92068 44
    endloop
  endfacet
  facet normal 0 0 -1
    outer loop
      vertex 22.1771 12.8229 44
      vertex 40 0 44
      vertex 39.8074 -3.92068 44
    endloop
  endfacet
  facet normal 0 0 -1
    outer loop
      vertex 21.4632 12.6441 44
      vertex 39.8074 -3.92068 44
      vertex 39.2314 -7.80361 44
    endloop
  endfacet
  facet normal 0 -0 -1
    outer loop
      vertex 22.8701 13.0709 44
      vertex 40 0 44
      vertex 22.1771 12.8229 44
    endloop
  endfacet
  facet normal 0 0 -1
    outer loop
      vertex 4.90393 -0.975451 44
      vertex 39.2314 -7.80361 44
      vertex 38.2776 -11.6114 44
    endloop
  endfacet
  facet normal 0 0 -1
    outer loop
      vertex 40 0 44
      vertex 22.8701 13.0709 44
      vertex 39.8074 3.92068 44
    endloop
  endfacet
  facet normal 0 0 -1
    outer loop
      vertex 4.90393 -0.975451 44
      vertex 38.2776 -11.6114 44
      vertex 36.9552 -15.3073 44
    endloop
  endfacet
  facet normal 0 0 -1
    outer loop
      vertex 39.8074 3.92068 44
      vertex 23.5355 13.3856 44
      vertex 39.2314 7.80361 44
    endloop
  endfacet
  facet normal 0 0 -1
    outer loop
      vertex 4.90393 -0.975451 44
      vertex 36.9552 -15.3073 44
      vertex 35.2768 -18.8559 44
    endloop
  endfacet
  facet normal 0 -0 -1
    outer loop
      vertex 24.7579 14.2024 44
      vertex 39.2314 7.80361 44
      vertex 24.1668 13.764 44
    endloop
  endfacet
  facet normal 0 0 -1
    outer loop
      vertex 4.90393 -0.975451 44
      vertex 35.2768 -18.8559 44
      vertex 33.2588 -22.2228 44
    endloop
  endfacet
  facet normal 0 -0 -1
    outer loop
      vertex 25.7976 15.2421 44
      vertex 38.2776 11.6114 44
      vertex 25.3033 14.6967 44
    endloop
  endfacet
  facet normal 0 0 -1
    outer loop
      vertex 4.90393 -0.975451 44
      vertex 33.2588 -22.2228 44
      vertex 30.9204 -25.3757 44
    endloop
  endfacet
  facet normal 0 -0 -1
    outer loop
      vertex 26.6144 16.4645 44
      vertex 36.9552 15.3073 44
      vertex 26.236 15.8332 44
    endloop
  endfacet
  facet normal 0 0 -1
    outer loop
      vertex 4.90393 -0.975451 44
      vertex 30.9204 -25.3757 44
      vertex 28.2843 -28.2843 44
    endloop
  endfacet
  facet normal 0 -0 -1
    outer loop
      vertex 27.3559 18.5368 44
      vertex 35.2768 18.8559 44
      vertex 27.1771 17.8229 44
    endloop
  endfacet
  facet normal 0 0 -1
    outer loop
      vertex 27.4639 20.7351 44
      vertex 33.2588 22.2228 44
      vertex 27.5 20 44
    endloop
  endfacet
  facet normal 0 0 -1
    outer loop
      vertex 27.3559 21.4632 44
      vertex 33.2588 22.2228 44
      vertex 27.4639 20.7351 44
    endloop
  endfacet
  facet normal 0 -0 -1
    outer loop
      vertex 27.5 20 44
      vertex 33.2588 22.2228 44
      vertex 27.4639 19.2649 44
    endloop
  endfacet
  facet normal 0 0 -1
    outer loop
      vertex 35.2768 18.8559 44
      vertex 27.4639 19.2649 44
      vertex 33.2588 22.2228 44
    endloop
  endfacet
  facet normal 0 -0 -1
    outer loop
      vertex 27.4639 19.2649 44
      vertex 35.2768 18.8559 44
      vertex 27.3559 18.5368 44
    endloop
  endfacet
  facet normal 0 -0 -1
    outer loop
      vertex 27.1771 17.8229 44
      vertex 35.2768 18.8559 44
      vertex 26.9291 17.1299 44
    endloop
  endfacet
  facet normal 0 0 -1
    outer loop
      vertex 36.9552 15.3073 44
      vertex 26.9291 17.1299 44
      vertex 35.2768 18.8559 44
    endloop
  endfacet
  facet normal 0 -0 -1
    outer loop
      vertex 26.9291 17.1299 44
      vertex 36.9552 15.3073 44
      vertex 26.6144 16.4645 44
    endloop
  endfacet
  facet normal 0 0 -1
    outer loop
      vertex 4.90393 -0.975451 44
      vertex 28.2843 -28.2843 44
      vertex 25.3757 -30.9204 44
    endloop
  endfacet
  facet normal 0 -0 -1
    outer loop
      vertex 26.236 15.8332 44
      vertex 36.9552 15.3073 44
      vertex 25.7976 15.2421 44
    endloop
  endfacet
  facet normal 0 0 -1
    outer loop
      vertex 38.2776 11.6114 44
      vertex 25.7976 15.2421 44
      vertex 36.9552 15.3073 44
    endloop
  endfacet
  facet normal 0 -0 -1
    outer loop
      vertex 25.3033 14.6967 44
      vertex 38.2776 11.6114 44
      vertex 24.7579 14.2024 44
    endloop
  endfacet
  facet normal 0 0 -1
    outer loop
      vertex 39.2314 7.80361 44
      vertex 24.7579 14.2024 44
      vertex 38.2776 11.6114 44
    endloop
  endfacet
  facet normal 0 -0 -1
    outer loop
      vertex 24.1668 13.764 44
      vertex 39.2314 7.80361 44
      vertex 23.5355 13.3856 44
    endloop
  endfacet
  facet normal 0 0 -1
    outer loop
      vertex 4.90393 -0.975451 44
      vertex 25.3757 -30.9204 44
      vertex 22.2228 -33.2588 44
    endloop
  endfacet
  facet normal 0 -0 -1
    outer loop
      vertex 23.5355 13.3856 44
      vertex 39.8074 3.92068 44
      vertex 22.8701 13.0709 44
    endloop
  endfacet
  facet normal 0 0 -1
    outer loop
      vertex 39.8074 -3.92068 44
      vertex 21.4632 12.6441 44
      vertex 22.1771 12.8229 44
    endloop
  endfacet
  facet normal 0 0 -1
    outer loop
      vertex 39.2314 -7.80361 44
      vertex 4.90393 -0.975451 44
      vertex 20.7351 12.5361 44
    endloop
  endfacet
  facet normal 0 0 -1
    outer loop
      vertex 39.2314 -7.80361 44
      vertex 20.7351 12.5361 44
      vertex 21.4632 12.6441 44
    endloop
  endfacet
  facet normal 0 0 -1
    outer loop
      vertex 20.7351 12.5361 44
      vertex 4.90393 -0.975451 44
      vertex 20 12.5 44
    endloop
  endfacet
  facet normal 0 0 -1
    outer loop
      vertex 4.90393 -0.975451 44
      vertex 22.2228 -33.2588 44
      vertex 18.8559 -35.2768 44
    endloop
  endfacet
  facet normal 0 -0 -1
    outer loop
      vertex 4.97592 -0.490086 44
      vertex 20 12.5 44
      vertex 4.90393 -0.975451 44
    endloop
  endfacet
  facet normal -0 0 -1
    outer loop
      vertex 20 12.5 44
      vertex 4.97592 -0.490086 44
      vertex 19.2649 12.5361 44
    endloop
  endfacet
  facet normal 0 -0 -1
    outer loop
      vertex 5 0 44
      vertex 19.2649 12.5361 44
      vertex 4.97592 -0.490086 44
    endloop
  endfacet
  facet normal -0 0 -1
    outer loop
      vertex 19.2649 12.5361 44
      vertex 5 0 44
      vertex 18.5368 12.6441 44
    endloop
  endfacet
  facet normal 0 0 -1
    outer loop
      vertex 4.97592 0.490086 44
      vertex 18.5368 12.6441 44
      vertex 5 0 44
    endloop
  endfacet
  facet normal 0 0 -1
    outer loop
      vertex 4.90393 -0.975451 44
      vertex 18.8559 -35.2768 44
      vertex 15.3073 -36.9552 44
    endloop
  endfacet
  facet normal -0 0 -1
    outer loop
      vertex 18.5368 12.6441 44
      vertex 4.97592 0.490086 44
      vertex 17.8229 12.8229 44
    endloop
  endfacet
  facet normal 0 0 -1
    outer loop
      vertex 4.90393 0.975451 44
      vertex 17.8229 12.8229 44
      vertex 4.97592 0.490086 44
    endloop
  endfacet
  facet normal 0 0 -1
    outer loop
      vertex 4.7847 1.45142 44
      vertex 17.8229 12.8229 44
      vertex 4.90393 0.975451 44
    endloop
  endfacet
  facet normal -0 0 -1
    outer loop
      vertex 17.8229 12.8229 44
      vertex 4.7847 1.45142 44
      vertex 17.1299 13.0709 44
    endloop
  endfacet
  facet normal 0 0 -1
    outer loop
      vertex 4.6194 1.91342 44
      vertex 17.1299 13.0709 44
      vertex 4.7847 1.45142 44
    endloop
  endfacet
  facet normal -0 0 -1
    outer loop
      vertex 17.1299 13.0709 44
      vertex 4.6194 1.91342 44
      vertex 16.4645 13.3856 44
    endloop
  endfacet
  facet normal 0 0 -1
    outer loop
      vertex 4.40961 2.35698 44
      vertex 16.4645 13.3856 44
      vertex 4.6194 1.91342 44
    endloop
  endfacet
  facet normal -0 0 -1
    outer loop
      vertex 16.4645 13.3856 44
      vertex 4.40961 2.35698 44
      vertex 15.8332 13.764 44
    endloop
  endfacet
  facet normal -0 0 -1
    outer loop
      vertex 15.8332 13.764 44
      vertex 4.15735 2.77785 44
      vertex 15.2421 14.2024 44
    endloop
  endfacet
  facet normal 0 0 -1
    outer loop
      vertex 4.15735 2.77785 44
      vertex 15.8332 13.764 44
      vertex 4.40961 2.35698 44
    endloop
  endfacet
  facet normal 0 0 -1
    outer loop
      vertex 4.90393 -0.975451 44
      vertex 15.3073 -36.9552 44
      vertex 11.6114 -38.2776 44
    endloop
  endfacet
  facet normal -0 0 -1
    outer loop
      vertex 33.2588 22.2228 44
      vertex 27.3559 21.4632 44
      vertex 30.9204 25.3757 44
    endloop
  endfacet
  facet normal 0 0 -1
    outer loop
      vertex 27.1771 22.1771 44
      vertex 30.9204 25.3757 44
      vertex 27.3559 21.4632 44
    endloop
  endfacet
  facet normal 0 0 -1
    outer loop
      vertex 26.9291 22.8701 44
      vertex 30.9204 25.3757 44
      vertex 27.1771 22.1771 44
    endloop
  endfacet
  facet normal 0 0 -1
    outer loop
      vertex 26.6144 23.5355 44
      vertex 30.9204 25.3757 44
      vertex 26.9291 22.8701 44
    endloop
  endfacet
  facet normal 0 0 -1
    outer loop
      vertex 26.236 24.1668 44
      vertex 30.9204 25.3757 44
      vertex 26.6144 23.5355 44
    endloop
  endfacet
  facet normal -0 0 -1
    outer loop
      vertex 30.9204 25.3757 44
      vertex 26.236 24.1668 44
      vertex 28.2843 28.2843 44
    endloop
  endfacet
  facet normal 0 0 -1
    outer loop
      vertex 25.7976 24.7579 44
      vertex 28.2843 28.2843 44
      vertex 26.236 24.1668 44
    endloop
  endfacet
  facet normal 0 0 -1
    outer loop
      vertex 25.3033 25.3033 44
      vertex 28.2843 28.2843 44
      vertex 25.7976 24.7579 44
    endloop
  endfacet
  facet normal 0 0 -1
    outer loop
      vertex 24.7579 25.7976 44
      vertex 28.2843 28.2843 44
      vertex 25.3033 25.3033 44
    endloop
  endfacet
  facet normal 0 0 -1
    outer loop
      vertex 24.1668 26.236 44
      vertex 28.2843 28.2843 44
      vertex 24.7579 25.7976 44
    endloop
  endfacet
  facet normal -0 0 -1
    outer loop
      vertex 28.2843 28.2843 44
      vertex 24.1668 26.236 44
      vertex 25.3757 30.9204 44
    endloop
  endfacet
  facet normal 0 0 -1
    outer loop
      vertex 23.5355 26.6144 44
      vertex 25.3757 30.9204 44
      vertex 24.1668 26.236 44
    endloop
  endfacet
  facet normal 0 0 -1
    outer loop
      vertex 22.8701 26.9291 44
      vertex 25.3757 30.9204 44
      vertex 23.5355 26.6144 44
    endloop
  endfacet
  facet normal 0 0 -1
    outer loop
      vertex 22.1771 27.1771 44
      vertex 25.3757 30.9204 44
      vertex 22.8701 26.9291 44
    endloop
  endfacet
  facet normal 0 0 -1
    outer loop
      vertex 21.4632 27.3559 44
      vertex 25.3757 30.9204 44
      vertex 22.1771 27.1771 44
    endloop
  endfacet
  facet normal -0 0 -1
    outer loop
      vertex 25.3757 30.9204 44
      vertex 21.4632 27.3559 44
      vertex 22.2228 33.2588 44
    endloop
  endfacet
  facet normal 0 0 -1
    outer loop
      vertex 20.7351 27.4639 44
      vertex 22.2228 33.2588 44
      vertex 21.4632 27.3559 44
    endloop
  endfacet
  facet normal 0 0 -1
    outer loop
      vertex 20 27.5 44
      vertex 22.2228 33.2588 44
      vertex 20.7351 27.4639 44
    endloop
  endfacet
  facet normal 0 0 -1
    outer loop
      vertex 19.2649 27.4639 44
      vertex 22.2228 33.2588 44
      vertex 20 27.5 44
    endloop
  endfacet
  facet normal 0 0 -1
    outer loop
      vertex 19.2649 27.4639 44
      vertex 18.8559 35.2768 44
      vertex 22.2228 33.2588 44
    endloop
  endfacet
  facet normal 0 0 -1
    outer loop
      vertex 18.5368 27.3559 44
      vertex 18.8559 35.2768 44
      vertex 19.2649 27.4639 44
    endloop
  endfacet
  facet normal 0 0 -1
    outer loop
      vertex 17.8229 27.1771 44
      vertex 18.8559 35.2768 44
      vertex 18.5368 27.3559 44
    endloop
  endfacet
  facet normal 0 0 -1
    outer loop
      vertex 17.1299 26.9291 44
      vertex 18.8559 35.2768 44
      vertex 17.8229 27.1771 44
    endloop
  endfacet
  facet normal 0 0 -1
    outer loop
      vertex 15.3073 36.9552 44
      vertex 17.1299 26.9291 44
      vertex 16.4645 26.6144 44
    endloop
  endfacet
  facet normal 0 0 -1
    outer loop
      vertex 15.3073 36.9552 44
      vertex 16.4645 26.6144 44
      vertex 15.8332 26.236 44
    endloop
  endfacet
  facet normal 0 0 -1
    outer loop
      vertex 17.1299 26.9291 44
      vertex 15.3073 36.9552 44
      vertex 18.8559 35.2768 44
    endloop
  endfacet
  facet normal 0 0 -1
    outer loop
      vertex 15.2421 25.7976 44
      vertex 15.3073 36.9552 44
      vertex 15.8332 26.236 44
    endloop
  endfacet
  facet normal 0 0 -1
    outer loop
      vertex 11.6114 38.2776 44
      vertex 15.2421 25.7976 44
      vertex 14.6967 25.3033 44
    endloop
  endfacet
  facet normal 0 0 -1
    outer loop
      vertex 11.6114 38.2776 44
      vertex 14.6967 25.3033 44
      vertex 14.2024 24.7579 44
    endloop
  endfacet
  facet normal 0 0 -1
    outer loop
      vertex 7.80361 39.2314 44
      vertex 14.2024 24.7579 44
      vertex 13.764 24.1668 44
    endloop
  endfacet
  facet normal 0 0 -1
    outer loop
      vertex 7.80361 39.2314 44
      vertex 13.764 24.1668 44
      vertex 13.3856 23.5355 44
    endloop
  endfacet
  facet normal 0 0 -1
    outer loop
      vertex 7.80361 39.2314 44
      vertex 13.3856 23.5355 44
      vertex 13.0709 22.8701 44
    endloop
  endfacet
  facet normal 0 0 -1
    outer loop
      vertex 7.80361 39.2314 44
      vertex 13.0709 22.8701 44
      vertex 12.8229 22.1771 44
    endloop
  endfacet
  facet normal 0 0 -1
    outer loop
      vertex 7.80361 39.2314 44
      vertex 12.8229 22.1771 44
      vertex 12.6441 21.4632 44
    endloop
  endfacet
  facet normal 0 0 -1
    outer loop
      vertex 15.2421 25.7976 44
      vertex 11.6114 38.2776 44
      vertex 15.3073 36.9552 44
    endloop
  endfacet
  facet normal 0 0 -1
    outer loop
      vertex 7.80361 39.2314 44
      vertex 12.6441 21.4632 44
      vertex 12.5361 20.7351 44
    endloop
  endfacet
  facet normal 0 0 -1
    outer loop
      vertex 7.80361 39.2314 44
      vertex 12.5361 20.7351 44
      vertex 12.5 20 44
    endloop
  endfacet
  facet normal 0 0 -1
    outer loop
      vertex 3.86505 3.17197 44
      vertex 15.2421 14.2024 44
      vertex 4.15735 2.77785 44
    endloop
  endfacet
  facet normal 0 0 -1
    outer loop
      vertex 1.45142 -4.7847 44
      vertex 11.6114 -38.2776 44
      vertex 7.80361 -39.2314 44
    endloop
  endfacet
  facet normal 0 0 -1
    outer loop
      vertex 3.17197 3.86505 44
      vertex 14.6967 14.6967 44
      vertex 3.53553 3.53553 44
    endloop
  endfacet
  facet normal 0 0 -1
    outer loop
      vertex 14.2024 24.7579 44
      vertex 7.80361 39.2314 44
      vertex 11.6114 38.2776 44
    endloop
  endfacet
  facet normal 0 0 -1
    outer loop
      vertex 3.53553 3.53553 44
      vertex 14.6967 14.6967 44
      vertex 3.86505 3.17197 44
    endloop
  endfacet
  facet normal -0 0 -1
    outer loop
      vertex 15.2421 14.2024 44
      vertex 3.86505 3.17197 44
      vertex 14.6967 14.6967 44
    endloop
  endfacet
  facet normal 0 0 -1
    outer loop
      vertex 11.6114 -38.2776 44
      vertex 4.7847 -1.45142 44
      vertex 4.90393 -0.975451 44
    endloop
  endfacet
  facet normal 0 0 -1
    outer loop
      vertex 11.6114 -38.2776 44
      vertex 4.6194 -1.91342 44
      vertex 4.7847 -1.45142 44
    endloop
  endfacet
  facet normal 0 0 -1
    outer loop
      vertex 11.6114 -38.2776 44
      vertex 4.40961 -2.35698 44
      vertex 4.6194 -1.91342 44
    endloop
  endfacet
  facet normal 0 0 -1
    outer loop
      vertex 11.6114 -38.2776 44
      vertex 4.15735 -2.77785 44
      vertex 4.40961 -2.35698 44
    endloop
  endfacet
  facet normal 0 0 -1
    outer loop
      vertex 0.975451 -4.90393 44
      vertex 7.80361 -39.2314 44
      vertex 3.92068 -39.8074 44
    endloop
  endfacet
  facet normal 0 0 -1
    outer loop
      vertex 11.6114 -38.2776 44
      vertex 3.86505 -3.17197 44
      vertex 4.15735 -2.77785 44
    endloop
  endfacet
  facet normal 0 0 -1
    outer loop
      vertex 11.6114 -38.2776 44
      vertex 3.53553 -3.53553 44
      vertex 3.86505 -3.17197 44
    endloop
  endfacet
  facet normal 0 0 -1
    outer loop
      vertex 11.6114 -38.2776 44
      vertex 3.17197 -3.86505 44
      vertex 3.53553 -3.53553 44
    endloop
  endfacet
  facet normal 0 0 -1
    outer loop
      vertex 11.6114 -38.2776 44
      vertex 2.77785 -4.15735 44
      vertex 3.17197 -3.86505 44
    endloop
  endfacet
  facet normal 0 0 -1
    outer loop
      vertex 11.6114 -38.2776 44
      vertex 2.35698 -4.40961 44
      vertex 2.77785 -4.15735 44
    endloop
  endfacet
  facet normal 0 0 -1
    outer loop
      vertex 11.6114 -38.2776 44
      vertex 1.91342 -4.6194 44
      vertex 2.35698 -4.40961 44
    endloop
  endfacet
  facet normal 0 0 -1
    outer loop
      vertex 11.6114 -38.2776 44
      vertex 1.45142 -4.7847 44
      vertex 1.91342 -4.6194 44
    endloop
  endfacet
  facet normal 0 0 -1
    outer loop
      vertex 7.80361 -39.2314 44
      vertex 0.975451 -4.90393 44
      vertex 1.45142 -4.7847 44
    endloop
  endfacet
  facet normal 0 0 -1
    outer loop
      vertex 3.92068 -39.8074 44
      vertex 0.490086 -4.97592 44
      vertex 0.975451 -4.90393 44
    endloop
  endfacet
  facet normal 0 0 -1
    outer loop
      vertex 0 -40 44
      vertex 0.490086 -4.97592 44
      vertex 3.92068 -39.8074 44
    endloop
  endfacet
  facet normal 0 0 -1
    outer loop
      vertex 0 -40 44
      vertex 0 -5 44
      vertex 0.490086 -4.97592 44
    endloop
  endfacet
  facet normal 0 0 -1
    outer loop
      vertex 0 -40 44
      vertex -0.490086 -4.97592 44
      vertex 0 -5 44
    endloop
  endfacet
  facet normal 0 0 -1
    outer loop
      vertex -3.92068 -39.8074 44
      vertex -0.490086 -4.97592 44
      vertex 0 -40 44
    endloop
  endfacet
  facet normal -0 0 -1
    outer loop
      vertex -0.490086 -4.97592 44
      vertex -3.92068 -39.8074 44
      vertex -0.975451 -4.90393 44
    endloop
  endfacet
  facet normal 0 0 -1
    outer loop
      vertex -7.80361 -39.2314 44
      vertex -0.975451 -4.90393 44
      vertex -3.92068 -39.8074 44
    endloop
  endfacet
  facet normal -0 0 -1
    outer loop
      vertex -0.975451 -4.90393 44
      vertex -7.80361 -39.2314 44
      vertex -1.45142 -4.7847 44
    endloop
  endfacet
  facet normal 0 0 -1
    outer loop
      vertex -11.6114 -38.2776 44
      vertex -1.45142 -4.7847 44
      vertex -7.80361 -39.2314 44
    endloop
  endfacet
  facet normal -0 0 -1
    outer loop
      vertex -1.45142 -4.7847 44
      vertex -11.6114 -38.2776 44
      vertex -1.91342 -4.6194 44
    endloop
  endfacet
  facet normal 0 0 -1
    outer loop
      vertex -15.3073 -36.9552 44
      vertex -1.91342 -4.6194 44
      vertex -11.6114 -38.2776 44
    endloop
  endfacet
  facet normal -0 0 -1
    outer loop
      vertex -1.91342 -4.6194 44
      vertex -15.3073 -36.9552 44
      vertex -2.35698 -4.40961 44
    endloop
  endfacet
  facet normal 0 0 -1
    outer loop
      vertex -18.8559 -35.2768 44
      vertex -2.35698 -4.40961 44
      vertex -15.3073 -36.9552 44
    endloop
  endfacet
  facet normal -0 0 -1
    outer loop
      vertex -2.35698 -4.40961 44
      vertex -18.8559 -35.2768 44
      vertex -2.77785 -4.15735 44
    endloop
  endfacet
  facet normal 0 0 -1
    outer loop
      vertex -22.2228 -33.2588 44
      vertex -2.77785 -4.15735 44
      vertex -18.8559 -35.2768 44
    endloop
  endfacet
  facet normal -0 0 -1
    outer loop
      vertex -2.77785 -4.15735 44
      vertex -22.2228 -33.2588 44
      vertex -3.17197 -3.86505 44
    endloop
  endfacet
  facet normal 0 0 -1
    outer loop
      vertex -25.3757 -30.9204 44
      vertex -3.17197 -3.86505 44
      vertex -22.2228 -33.2588 44
    endloop
  endfacet
  facet normal -0 0 -1
    outer loop
      vertex -3.17197 -3.86505 44
      vertex -25.3757 -30.9204 44
      vertex -3.53553 -3.53553 44
    endloop
  endfacet
  facet normal 0 0 -1
    outer loop
      vertex -28.2843 -28.2843 44
      vertex -3.53553 -3.53553 44
      vertex -25.3757 -30.9204 44
    endloop
  endfacet
  facet normal -0 0 -1
    outer loop
      vertex -3.53553 -3.53553 44
      vertex -28.2843 -28.2843 44
      vertex -3.86505 -3.17197 44
    endloop
  endfacet
  facet normal 0 0 -1
    outer loop
      vertex -30.9204 -25.3757 44
      vertex -3.86505 -3.17197 44
      vertex -28.2843 -28.2843 44
    endloop
  endfacet
  facet normal -0.740964 0.671545 0
    outer loop
      vertex 28.2843 -28.2843 39
      vertex 30.9204 -25.3757 44
      vertex 30.9204 -25.3757 39
    endloop
  endfacet
  facet normal -0.740964 0.671545 0
    outer loop
      vertex 30.9204 -25.3757 44
      vertex 28.2843 -28.2843 39
      vertex 28.2843 -28.2843 44
    endloop
  endfacet
  facet normal -0.146736 0.989176 0
    outer loop
      vertex 7.80361 -39.2314 39
      vertex 3.92068 -39.8074 44
      vertex 7.80361 -39.2314 44
    endloop
  endfacet
  facet normal -0.146736 0.989176 0
    outer loop
      vertex 3.92068 -39.8074 44
      vertex 7.80361 -39.2314 39
      vertex 3.92068 -39.8074 39
    endloop
  endfacet
  facet normal -0.514095 0.857733 0
    outer loop
      vertex 22.2228 -33.2588 39
      vertex 18.8559 -35.2768 44
      vertex 22.2228 -33.2588 44
    endloop
  endfacet
  facet normal -0.514095 0.857733 0
    outer loop
      vertex 18.8559 -35.2768 44
      vertex 22.2228 -33.2588 39
      vertex 18.8559 -35.2768 39
    endloop
  endfacet
  facet normal -0.998796 0.049065 0
    outer loop
      vertex 39.8074 -3.92068 39
      vertex 40 0 44
      vertex 40 0 39
    endloop
  endfacet
  facet normal -0.998796 0.049065 0
    outer loop
      vertex 40 0 44
      vertex 39.8074 -3.92068 39
      vertex 39.8074 -3.92068 44
    endloop
  endfacet
  facet normal -0.595708 0.803201 0
    outer loop
      vertex 25.3757 -30.9204 39
      vertex 22.2228 -33.2588 44
      vertex 25.3757 -30.9204 44
    endloop
  endfacet
  facet normal -0.595708 0.803201 0
    outer loop
      vertex 22.2228 -33.2588 44
      vertex 25.3757 -30.9204 39
      vertex 22.2228 -33.2588 39
    endloop
  endfacet
  facet normal -0.857733 0.514095 0
    outer loop
      vertex 33.2588 -22.2228 39
      vertex 35.2768 -18.8559 44
      vertex 35.2768 -18.8559 39
    endloop
  endfacet
  facet normal -0.857733 0.514095 0
    outer loop
      vertex 35.2768 -18.8559 44
      vertex 33.2588 -22.2228 39
      vertex 33.2588 -22.2228 44
    endloop
  endfacet
  facet normal -0.970031 0.24298 0
    outer loop
      vertex 38.2776 -11.6114 39
      vertex 39.2314 -7.80361 44
      vertex 39.2314 -7.80361 39
    endloop
  endfacet
  facet normal -0.970031 0.24298 0
    outer loop
      vertex 39.2314 -7.80361 44
      vertex 38.2776 -11.6114 39
      vertex 38.2776 -11.6114 44
    endloop
  endfacet
  facet normal -0.989176 0.146736 0
    outer loop
      vertex 39.2314 -7.80361 39
      vertex 39.8074 -3.92068 44
      vertex 39.8074 -3.92068 39
    endloop
  endfacet
  facet normal -0.989176 0.146736 0
    outer loop
      vertex 39.8074 -3.92068 44
      vertex 39.2314 -7.80361 39
      vertex 39.2314 -7.80361 44
    endloop
  endfacet
  facet normal -0.24298 0.970031 0
    outer loop
      vertex 11.6114 -38.2776 39
      vertex 7.80361 -39.2314 44
      vertex 11.6114 -38.2776 44
    endloop
  endfacet
  facet normal -0.24298 0.970031 0
    outer loop
      vertex 7.80361 -39.2314 44
      vertex 11.6114 -38.2776 39
      vertex 7.80361 -39.2314 39
    endloop
  endfacet
  facet normal -0.803201 0.595708 0
    outer loop
      vertex 30.9204 -25.3757 39
      vertex 33.2588 -22.2228 44
      vertex 33.2588 -22.2228 39
    endloop
  endfacet
  facet normal -0.803201 0.595708 0
    outer loop
      vertex 33.2588 -22.2228 44
      vertex 30.9204 -25.3757 39
      vertex 30.9204 -25.3757 44
    endloop
  endfacet
  facet normal -0.049065 0.998796 0
    outer loop
      vertex 3.92068 -39.8074 39
      vertex 0 -40 44
      vertex 3.92068 -39.8074 44
    endloop
  endfacet
  facet normal -0.049065 0.998796 0
    outer loop
      vertex 0 -40 44
      vertex 3.92068 -39.8074 39
      vertex 0 -40 39
    endloop
  endfacet
  facet normal -0.941545 0.336887 0
    outer loop
      vertex 36.9552 -15.3073 39
      vertex 38.2776 -11.6114 44
      vertex 38.2776 -11.6114 39
    endloop
  endfacet
  facet normal -0.941545 0.336887 0
    outer loop
      vertex 38.2776 -11.6114 44
      vertex 36.9552 -15.3073 39
      vertex 36.9552 -15.3073 44
    endloop
  endfacet
  facet normal -0.903986 0.427563 0
    outer loop
      vertex 35.2768 -18.8559 39
      vertex 36.9552 -15.3073 44
      vertex 36.9552 -15.3073 39
    endloop
  endfacet
  facet normal -0.903986 0.427563 0
    outer loop
      vertex 36.9552 -15.3073 44
      vertex 35.2768 -18.8559 39
      vertex 35.2768 -18.8559 44
    endloop
  endfacet
  facet normal -0.671545 0.740964 0
    outer loop
      vertex 28.2843 -28.2843 39
      vertex 25.3757 -30.9204 44
      vertex 28.2843 -28.2843 44
    endloop
  endfacet
  facet normal -0.671545 0.740964 0
    outer loop
      vertex 25.3757 -30.9204 44
      vertex 28.2843 -28.2843 39
      vertex 25.3757 -30.9204 39
    endloop
  endfacet
  facet normal -0.336887 0.941545 0
    outer loop
      vertex 15.3073 -36.9552 39
      vertex 11.6114 -38.2776 44
      vertex 15.3073 -36.9552 44
    endloop
  endfacet
  facet normal -0.336887 0.941545 0
    outer loop
      vertex 11.6114 -38.2776 44
      vertex 15.3073 -36.9552 39
      vertex 11.6114 -38.2776 39
    endloop
  endfacet
  facet normal -0.427563 0.903986 0
    outer loop
      vertex 18.8559 -35.2768 39
      vertex 15.3073 -36.9552 44
      vertex 18.8559 -35.2768 44
    endloop
  endfacet
  facet normal -0.427563 0.903986 0
    outer loop
      vertex 15.3073 -36.9552 44
      vertex 18.8559 -35.2768 39
      vertex 15.3073 -36.9552 39
    endloop
  endfacet
  facet normal 0 0 1
    outer loop
      vertex 22.8701 13.0709 39
      vertex 14.9278 1.47026 39
      vertex 15 0 39
    endloop
  endfacet
  facet normal 0 0 1
    outer loop
      vertex 15.8332 13.764 39
      vertex 14.7118 2.92635 39
      vertex 14.9278 1.47026 39
    endloop
  endfacet
  facet normal 0 0 1
    outer loop
      vertex 10.6066 10.6066 39
      vertex 15.2421 14.2024 39
      vertex 14.6967 14.6967 39
    endloop
  endfacet
  facet normal 0 0 1
    outer loop
      vertex 15.8332 13.764 39
      vertex 14.3541 4.35427 39
      vertex 14.7118 2.92635 39
    endloop
  endfacet
  facet normal 0 0 1
    outer loop
      vertex 10.6066 10.6066 39
      vertex 14.6967 14.6967 39
      vertex 14.2024 15.2421 39
    endloop
  endfacet
  facet normal 0 0 1
    outer loop
      vertex 15.8332 13.764 39
      vertex 13.8582 5.74025 39
      vertex 14.3541 4.35427 39
    endloop
  endfacet
  facet normal 0 0 1
    outer loop
      vertex 9.5159 11.5952 39
      vertex 14.2024 15.2421 39
      vertex 13.764 15.8332 39
    endloop
  endfacet
  facet normal 0 0 1
    outer loop
      vertex 9.5159 11.5952 39
      vertex 13.764 15.8332 39
      vertex 13.3856 16.4645 39
    endloop
  endfacet
  facet normal 0 0 1
    outer loop
      vertex 15.8332 13.764 39
      vertex 13.2288 7.07095 39
      vertex 13.8582 5.74025 39
    endloop
  endfacet
  facet normal 0 0 1
    outer loop
      vertex 8.33355 12.472 39
      vertex 13.3856 16.4645 39
      vertex 13.0709 17.1299 39
    endloop
  endfacet
  facet normal 0 0 1
    outer loop
      vertex 7.07095 13.2288 39
      vertex 13.0709 17.1299 39
      vertex 12.8229 17.8229 39
    endloop
  endfacet
  facet normal 0 0 1
    outer loop
      vertex 7.07095 13.2288 39
      vertex 12.8229 17.8229 39
      vertex 12.6441 18.5368 39
    endloop
  endfacet
  facet normal 0 0 1
    outer loop
      vertex 5.74025 13.8582 39
      vertex 12.6441 18.5368 39
      vertex 12.5361 19.2649 39
    endloop
  endfacet
  facet normal 0 0 1
    outer loop
      vertex 15.8332 13.764 39
      vertex 12.472 8.33355 39
      vertex 13.2288 7.07095 39
    endloop
  endfacet
  facet normal 0 0 1
    outer loop
      vertex 5.74025 13.8582 39
      vertex 12.5361 19.2649 39
      vertex 12.5 20 39
    endloop
  endfacet
  facet normal 0 0 1
    outer loop
      vertex 15 0 39
      vertex 40 0 39
      vertex 39.8074 3.92068 39
    endloop
  endfacet
  facet normal 0 0 1
    outer loop
      vertex 23.5355 13.3856 39
      vertex 39.8074 3.92068 39
      vertex 39.2314 7.80361 39
    endloop
  endfacet
  facet normal 0 0 1
    outer loop
      vertex 15 0 39
      vertex 39.8074 3.92068 39
      vertex 22.8701 13.0709 39
    endloop
  endfacet
  facet normal 0 0 1
    outer loop
      vertex 24.7579 14.2024 39
      vertex 39.2314 7.80361 39
      vertex 38.2776 11.6114 39
    endloop
  endfacet
  facet normal 0 0 1
    outer loop
      vertex 39.8074 3.92068 39
      vertex 23.5355 13.3856 39
      vertex 22.8701 13.0709 39
    endloop
  endfacet
  facet normal -0 0 1
    outer loop
      vertex 25.7976 15.2421 39
      vertex 38.2776 11.6114 39
      vertex 36.9552 15.3073 39
    endloop
  endfacet
  facet normal 0 0 1
    outer loop
      vertex 39.2314 7.80361 39
      vertex 24.1668 13.764 39
      vertex 23.5355 13.3856 39
    endloop
  endfacet
  facet normal -0 0 1
    outer loop
      vertex 26.9291 17.1299 39
      vertex 36.9552 15.3073 39
      vertex 35.2768 18.8559 39
    endloop
  endfacet
  facet normal 0 0 1
    outer loop
      vertex 39.2314 7.80361 39
      vertex 24.7579 14.2024 39
      vertex 24.1668 13.764 39
    endloop
  endfacet
  facet normal -0 0 1
    outer loop
      vertex 27.4639 19.2649 39
      vertex 35.2768 18.8559 39
      vertex 33.2588 22.2228 39
    endloop
  endfacet
  facet normal 0 0 1
    outer loop
      vertex 36.9552 15.3073 39
      vertex 26.236 15.8332 39
      vertex 25.7976 15.2421 39
    endloop
  endfacet
  facet normal 0 0 1
    outer loop
      vertex 27.3559 21.4632 39
      vertex 33.2588 22.2228 39
      vertex 30.9204 25.3757 39
    endloop
  endfacet
  facet normal 0 0 1
    outer loop
      vertex 36.9552 15.3073 39
      vertex 26.9291 17.1299 39
      vertex 26.6144 16.4645 39
    endloop
  endfacet
  facet normal 0 0 1
    outer loop
      vertex 26.236 24.1668 39
      vertex 30.9204 25.3757 39
      vertex 28.2843 28.2843 39
    endloop
  endfacet
  facet normal 0 0 1
    outer loop
      vertex 35.2768 18.8559 39
      vertex 27.4639 19.2649 39
      vertex 27.3559 18.5368 39
    endloop
  endfacet
  facet normal 0 0 1
    outer loop
      vertex 33.2588 22.2228 39
      vertex 27.5 20 39
      vertex 27.4639 19.2649 39
    endloop
  endfacet
  facet normal 0 0 1
    outer loop
      vertex 33.2588 22.2228 39
      vertex 27.4639 20.7351 39
      vertex 27.5 20 39
    endloop
  endfacet
  facet normal 0 0 1
    outer loop
      vertex 33.2588 22.2228 39
      vertex 27.3559 21.4632 39
      vertex 27.4639 20.7351 39
    endloop
  endfacet
  facet normal 0 0 1
    outer loop
      vertex 30.9204 25.3757 39
      vertex 27.1771 22.1771 39
      vertex 27.3559 21.4632 39
    endloop
  endfacet
  facet normal 0 0 1
    outer loop
      vertex 30.9204 25.3757 39
      vertex 26.9291 22.8701 39
      vertex 27.1771 22.1771 39
    endloop
  endfacet
  facet normal 0 0 1
    outer loop
      vertex 30.9204 25.3757 39
      vertex 26.6144 23.5355 39
      vertex 26.9291 22.8701 39
    endloop
  endfacet
  facet normal 0 0 1
    outer loop
      vertex 30.9204 25.3757 39
      vertex 26.236 24.1668 39
      vertex 26.6144 23.5355 39
    endloop
  endfacet
  facet normal 0 0 1
    outer loop
      vertex 28.2843 28.2843 39
      vertex 25.7976 24.7579 39
      vertex 26.236 24.1668 39
    endloop
  endfacet
  facet normal 0 0 1
    outer loop
      vertex 24.1668 26.236 39
      vertex 28.2843 28.2843 39
      vertex 25.3757 30.9204 39
    endloop
  endfacet
  facet normal 0 0 1
    outer loop
      vertex 28.2843 28.2843 39
      vertex 25.3033 25.3033 39
      vertex 25.7976 24.7579 39
    endloop
  endfacet
  facet normal 0 0 1
    outer loop
      vertex 28.2843 28.2843 39
      vertex 24.7579 25.7976 39
      vertex 25.3033 25.3033 39
    endloop
  endfacet
  facet normal 0 0 1
    outer loop
      vertex 28.2843 28.2843 39
      vertex 24.1668 26.236 39
      vertex 24.7579 25.7976 39
    endloop
  endfacet
  facet normal 0 0 1
    outer loop
      vertex 25.3757 30.9204 39
      vertex 23.5355 26.6144 39
      vertex 24.1668 26.236 39
    endloop
  endfacet
  facet normal 0 0 1
    outer loop
      vertex 25.3757 30.9204 39
      vertex 22.8701 26.9291 39
      vertex 23.5355 26.6144 39
    endloop
  endfacet
  facet normal 0 0 1
    outer loop
      vertex 21.4632 27.3559 39
      vertex 25.3757 30.9204 39
      vertex 22.2228 33.2588 39
    endloop
  endfacet
  facet normal 0 0 1
    outer loop
      vertex 25.3757 30.9204 39
      vertex 22.1771 27.1771 39
      vertex 22.8701 26.9291 39
    endloop
  endfacet
  facet normal 0 0 1
    outer loop
      vertex 25.3757 30.9204 39
      vertex 21.4632 27.3559 39
      vertex 22.1771 27.1771 39
    endloop
  endfacet
  facet normal 0 0 1
    outer loop
      vertex 22.2228 33.2588 39
      vertex 20.7351 27.4639 39
      vertex 21.4632 27.3559 39
    endloop
  endfacet
  facet normal 0 0 1
    outer loop
      vertex 22.2228 33.2588 39
      vertex 20 27.5 39
      vertex 20.7351 27.4639 39
    endloop
  endfacet
  facet normal 0 0 1
    outer loop
      vertex 22.2228 33.2588 39
      vertex 19.2649 27.4639 39
      vertex 20 27.5 39
    endloop
  endfacet
  facet normal 0 0 1
    outer loop
      vertex 18.8559 35.2768 39
      vertex 19.2649 27.4639 39
      vertex 22.2228 33.2588 39
    endloop
  endfacet
  facet normal 0 0 1
    outer loop
      vertex 18.8559 35.2768 39
      vertex 18.5368 27.3559 39
      vertex 19.2649 27.4639 39
    endloop
  endfacet
  facet normal 0 0 1
    outer loop
      vertex 18.8559 35.2768 39
      vertex 17.8229 27.1771 39
      vertex 18.5368 27.3559 39
    endloop
  endfacet
  facet normal 0 0 1
    outer loop
      vertex 18.8559 35.2768 39
      vertex 17.1299 26.9291 39
      vertex 17.8229 27.1771 39
    endloop
  endfacet
  facet normal 0 0 1
    outer loop
      vertex 15.3073 36.9552 39
      vertex 17.1299 26.9291 39
      vertex 18.8559 35.2768 39
    endloop
  endfacet
  facet normal 0 0 1
    outer loop
      vertex 17.1299 26.9291 39
      vertex 15.3073 36.9552 39
      vertex 16.4645 26.6144 39
    endloop
  endfacet
  facet normal 0 0 1
    outer loop
      vertex 16.4645 26.6144 39
      vertex 15.3073 36.9552 39
      vertex 15.8332 26.236 39
    endloop
  endfacet
  facet normal 0 0 1
    outer loop
      vertex 15.3073 36.9552 39
      vertex 15.2421 25.7976 39
      vertex 15.8332 26.236 39
    endloop
  endfacet
  facet normal 0 0 1
    outer loop
      vertex 11.6114 38.2776 39
      vertex 15.2421 25.7976 39
      vertex 15.3073 36.9552 39
    endloop
  endfacet
  facet normal 0 0 1
    outer loop
      vertex 15.2421 25.7976 39
      vertex 11.6114 38.2776 39
      vertex 14.6967 25.3033 39
    endloop
  endfacet
  facet normal 0 0 1
    outer loop
      vertex 14.6967 25.3033 39
      vertex 11.6114 38.2776 39
      vertex 14.2024 24.7579 39
    endloop
  endfacet
  facet normal 0 0 1
    outer loop
      vertex 7.80361 39.2314 39
      vertex 14.2024 24.7579 39
      vertex 11.6114 38.2776 39
    endloop
  endfacet
  facet normal 0 0 1
    outer loop
      vertex 14.2024 24.7579 39
      vertex 7.80361 39.2314 39
      vertex 13.764 24.1668 39
    endloop
  endfacet
  facet normal 0 0 1
    outer loop
      vertex 13.764 24.1668 39
      vertex 7.80361 39.2314 39
      vertex 13.3856 23.5355 39
    endloop
  endfacet
  facet normal 0 0 1
    outer loop
      vertex 3.92068 39.8074 39
      vertex 13.3856 23.5355 39
      vertex 7.80361 39.2314 39
    endloop
  endfacet
  facet normal 0 0 1
    outer loop
      vertex 13.3856 23.5355 39
      vertex 3.92068 39.8074 39
      vertex 13.0709 22.8701 39
    endloop
  endfacet
  facet normal 0 0 1
    outer loop
      vertex 1.47026 14.9278 39
      vertex 13.0709 22.8701 39
      vertex 3.92068 39.8074 39
    endloop
  endfacet
  facet normal 0 0 1
    outer loop
      vertex 13.0709 22.8701 39
      vertex 1.47026 14.9278 39
      vertex 12.8229 22.1771 39
    endloop
  endfacet
  facet normal 0 0 1
    outer loop
      vertex 12.8229 22.1771 39
      vertex 1.47026 14.9278 39
      vertex 12.6441 21.4632 39
    endloop
  endfacet
  facet normal 0 0 1
    outer loop
      vertex 15.8332 13.764 39
      vertex 11.5952 9.5159 39
      vertex 12.472 8.33355 39
    endloop
  endfacet
  facet normal 0 0 1
    outer loop
      vertex 15.2421 14.2024 39
      vertex 10.6066 10.6066 39
      vertex 11.5952 9.5159 39
    endloop
  endfacet
  facet normal 0 0 1
    outer loop
      vertex 14.2024 15.2421 39
      vertex 9.5159 11.5952 39
      vertex 10.6066 10.6066 39
    endloop
  endfacet
  facet normal 0 0 1
    outer loop
      vertex 13.3856 16.4645 39
      vertex 8.33355 12.472 39
      vertex 9.5159 11.5952 39
    endloop
  endfacet
  facet normal 0 -0 1
    outer loop
      vertex 2.92635 14.7118 39
      vertex 12.6441 21.4632 39
      vertex 1.47026 14.9278 39
    endloop
  endfacet
  facet normal 0 0 1
    outer loop
      vertex 13.0709 17.1299 39
      vertex 7.07095 13.2288 39
      vertex 8.33355 12.472 39
    endloop
  endfacet
  facet normal 0 0 1
    outer loop
      vertex 12.6441 18.5368 39
      vertex 5.74025 13.8582 39
      vertex 7.07095 13.2288 39
    endloop
  endfacet
  facet normal 0 0 1
    outer loop
      vertex 12.5 20 39
      vertex 4.35427 14.3541 39
      vertex 5.74025 13.8582 39
    endloop
  endfacet
  facet normal 0 0 1
    outer loop
      vertex 12.6441 21.4632 39
      vertex 2.92635 14.7118 39
      vertex 12.5361 20.7351 39
    endloop
  endfacet
  facet normal 0 0 1
    outer loop
      vertex 12.5361 20.7351 39
      vertex 4.35427 14.3541 39
      vertex 12.5 20 39
    endloop
  endfacet
  facet normal 0 -0 1
    outer loop
      vertex 4.35427 14.3541 39
      vertex 12.5361 20.7351 39
      vertex 2.92635 14.7118 39
    endloop
  endfacet
  facet normal 0 0 1
    outer loop
      vertex 0 40 39
      vertex 1.47026 14.9278 39
      vertex 3.92068 39.8074 39
    endloop
  endfacet
  facet normal 0 0 1
    outer loop
      vertex 0 40 39
      vertex 0 15 39
      vertex 1.47026 14.9278 39
    endloop
  endfacet
  facet normal 0 0 1
    outer loop
      vertex 0 40 39
      vertex -1.47026 14.9278 39
      vertex 0 15 39
    endloop
  endfacet
  facet normal -0 0 1
    outer loop
      vertex -3.92068 39.8074 39
      vertex -1.47026 14.9278 39
      vertex 0 40 39
    endloop
  endfacet
  facet normal 0 0 1
    outer loop
      vertex -1.47026 14.9278 39
      vertex -3.92068 39.8074 39
      vertex -2.92635 14.7118 39
    endloop
  endfacet
  facet normal -0 0 1
    outer loop
      vertex -7.80361 39.2314 39
      vertex -2.92635 14.7118 39
      vertex -3.92068 39.8074 39
    endloop
  endfacet
  facet normal 0 0 1
    outer loop
      vertex -2.92635 14.7118 39
      vertex -7.80361 39.2314 39
      vertex -4.35427 14.3541 39
    endloop
  endfacet
  facet normal -0 0 1
    outer loop
      vertex -11.6114 38.2776 39
      vertex -4.35427 14.3541 39
      vertex -7.80361 39.2314 39
    endloop
  endfacet
  facet normal 0 0 1
    outer loop
      vertex -4.35427 14.3541 39
      vertex -11.6114 38.2776 39
      vertex -5.74025 13.8582 39
    endloop
  endfacet
  facet normal -0 0 1
    outer loop
      vertex -15.3073 36.9552 39
      vertex -5.74025 13.8582 39
      vertex -11.6114 38.2776 39
    endloop
  endfacet
  facet normal 0 0 1
    outer loop
      vertex -5.74025 13.8582 39
      vertex -15.3073 36.9552 39
      vertex -7.07095 13.2288 39
    endloop
  endfacet
  facet normal -0 0 1
    outer loop
      vertex -18.8559 35.2768 39
      vertex -7.07095 13.2288 39
      vertex -15.3073 36.9552 39
    endloop
  endfacet
  facet normal 0 0 1
    outer loop
      vertex -7.07095 13.2288 39
      vertex -18.8559 35.2768 39
      vertex -8.33355 12.472 39
    endloop
  endfacet
  facet normal -0 0 1
    outer loop
      vertex -22.2228 33.2588 39
      vertex -8.33355 12.472 39
      vertex -18.8559 35.2768 39
    endloop
  endfacet
  facet normal 0 0 1
    outer loop
      vertex -8.33355 12.472 39
      vertex -22.2228 33.2588 39
      vertex -9.5159 11.5952 39
    endloop
  endfacet
  facet normal -0 0 1
    outer loop
      vertex -25.3757 30.9204 39
      vertex -9.5159 11.5952 39
      vertex -22.2228 33.2588 39
    endloop
  endfacet
  facet normal 0 0 1
    outer loop
      vertex -9.5159 11.5952 39
      vertex -25.3757 30.9204 39
      vertex -10.6066 10.6066 39
    endloop
  endfacet
  facet normal -0 0 1
    outer loop
      vertex -28.2843 28.2843 39
      vertex -10.6066 10.6066 39
      vertex -25.3757 30.9204 39
    endloop
  endfacet
  facet normal 0 0 1
    outer loop
      vertex -10.6066 10.6066 39
      vertex -28.2843 28.2843 39
      vertex -11.5952 9.5159 39
    endloop
  endfacet
  facet normal -0 0 1
    outer loop
      vertex -30.9204 25.3757 39
      vertex -11.5952 9.5159 39
      vertex -28.2843 28.2843 39
    endloop
  endfacet
  facet normal -0 0 1
    outer loop
      vertex -33.2588 22.2228 39
      vertex -12.472 8.33355 39
      vertex -30.9204 25.3757 39
    endloop
  endfacet
  facet normal 0 0 1
    outer loop
      vertex -11.5952 9.5159 39
      vertex -30.9204 25.3757 39
      vertex -12.472 8.33355 39
    endloop
  endfacet
  facet normal 0 0 1
    outer loop
      vertex 35.2768 18.8559 39
      vertex 27.3559 18.5368 39
      vertex 27.1771 17.8229 39
    endloop
  endfacet
  facet normal 0 0 1
    outer loop
      vertex 35.2768 18.8559 39
      vertex 27.1771 17.8229 39
      vertex 26.9291 17.1299 39
    endloop
  endfacet
  facet normal 0 0 1
    outer loop
      vertex 36.9552 15.3073 39
      vertex 26.6144 16.4645 39
      vertex 26.236 15.8332 39
    endloop
  endfacet
  facet normal 0 0 1
    outer loop
      vertex 38.2776 11.6114 39
      vertex 25.7976 15.2421 39
      vertex 25.3033 14.6967 39
    endloop
  endfacet
  facet normal 0 0 1
    outer loop
      vertex 38.2776 11.6114 39
      vertex 25.3033 14.6967 39
      vertex 24.7579 14.2024 39
    endloop
  endfacet
  facet normal 0 0 1
    outer loop
      vertex 40 0 39
      vertex 15 0 39
      vertex 39.8074 -3.92068 39
    endloop
  endfacet
  facet normal 0 0 1
    outer loop
      vertex 39.8074 -3.92068 39
      vertex 14.9278 -1.47026 39
      vertex 39.2314 -7.80361 39
    endloop
  endfacet
  facet normal -0 0 1
    outer loop
      vertex 14.7118 -2.92635 39
      vertex 39.2314 -7.80361 39
      vertex 14.9278 -1.47026 39
    endloop
  endfacet
  facet normal 0 0 1
    outer loop
      vertex 38.2776 -11.6114 39
      vertex 14.3541 -4.35427 39
      vertex 36.9552 -15.3073 39
    endloop
  endfacet
  facet normal -0 0 1
    outer loop
      vertex 13.2288 -7.07095 39
      vertex 35.2768 -18.8559 39
      vertex 13.8582 -5.74025 39
    endloop
  endfacet
  facet normal -0 0 1
    outer loop
      vertex 13.8582 -5.74025 39
      vertex 36.9552 -15.3073 39
      vertex 14.3541 -4.35427 39
    endloop
  endfacet
  facet normal -0 0 1
    outer loop
      vertex 14.3541 -4.35427 39
      vertex 38.2776 -11.6114 39
      vertex 14.7118 -2.92635 39
    endloop
  endfacet
  facet normal -0 0 1
    outer loop
      vertex 14.9278 -1.47026 39
      vertex 39.8074 -3.92068 39
      vertex 15 0 39
    endloop
  endfacet
  facet normal 0 0 1
    outer loop
      vertex 35.2768 -18.8559 39
      vertex 13.2288 -7.07095 39
      vertex 33.2588 -22.2228 39
    endloop
  endfacet
  facet normal 0 0 1
    outer loop
      vertex 14.9278 1.47026 39
      vertex 22.8701 13.0709 39
      vertex 22.1771 12.8229 39
    endloop
  endfacet
  facet normal 0 0 1
    outer loop
      vertex 14.9278 1.47026 39
      vertex 22.1771 12.8229 39
      vertex 21.4632 12.6441 39
    endloop
  endfacet
  facet normal 0 0 1
    outer loop
      vertex 14.9278 1.47026 39
      vertex 21.4632 12.6441 39
      vertex 20.7351 12.5361 39
    endloop
  endfacet
  facet normal 0 0 1
    outer loop
      vertex 14.9278 1.47026 39
      vertex 20.7351 12.5361 39
      vertex 20 12.5 39
    endloop
  endfacet
  facet normal 0 0 1
    outer loop
      vertex 14.9278 1.47026 39
      vertex 20 12.5 39
      vertex 19.2649 12.5361 39
    endloop
  endfacet
  facet normal 0 0 1
    outer loop
      vertex 36.9552 -15.3073 39
      vertex 13.8582 -5.74025 39
      vertex 35.2768 -18.8559 39
    endloop
  endfacet
  facet normal 0 0 1
    outer loop
      vertex 14.9278 1.47026 39
      vertex 19.2649 12.5361 39
      vertex 18.5368 12.6441 39
    endloop
  endfacet
  facet normal 0 0 1
    outer loop
      vertex 14.9278 1.47026 39
      vertex 18.5368 12.6441 39
      vertex 17.8229 12.8229 39
    endloop
  endfacet
  facet normal 0 0 1
    outer loop
      vertex 14.9278 1.47026 39
      vertex 17.8229 12.8229 39
      vertex 17.1299 13.0709 39
    endloop
  endfacet
  facet normal 0 0 1
    outer loop
      vertex 14.9278 1.47026 39
      vertex 17.1299 13.0709 39
      vertex 16.4645 13.3856 39
    endloop
  endfacet
  facet normal 0 0 1
    outer loop
      vertex 14.9278 1.47026 39
      vertex 16.4645 13.3856 39
      vertex 15.8332 13.764 39
    endloop
  endfacet
  facet normal 0 0 1
    outer loop
      vertex 39.2314 -7.80361 39
      vertex 14.7118 -2.92635 39
      vertex 38.2776 -11.6114 39
    endloop
  endfacet
  facet normal 0 0 1
    outer loop
      vertex 11.5952 9.5159 39
      vertex 15.8332 13.764 39
      vertex 15.2421 14.2024 39
    endloop
  endfacet
  facet normal -0 0 1
    outer loop
      vertex 12.472 -8.33355 39
      vertex 33.2588 -22.2228 39
      vertex 13.2288 -7.07095 39
    endloop
  endfacet
  facet normal 0 0 1
    outer loop
      vertex 33.2588 -22.2228 39
      vertex 12.472 -8.33355 39
      vertex 30.9204 -25.3757 39
    endloop
  endfacet
  facet normal -0 0 1
    outer loop
      vertex 11.5952 -9.5159 39
      vertex 30.9204 -25.3757 39
      vertex 12.472 -8.33355 39
    endloop
  endfacet
  facet normal 0 0 1
    outer loop
      vertex 30.9204 -25.3757 39
      vertex 11.5952 -9.5159 39
      vertex 28.2843 -28.2843 39
    endloop
  endfacet
  facet normal -0 0 1
    outer loop
      vertex 10.6066 -10.6066 39
      vertex 28.2843 -28.2843 39
      vertex 11.5952 -9.5159 39
    endloop
  endfacet
  facet normal 0 0 1
    outer loop
      vertex 28.2843 -28.2843 39
      vertex 10.6066 -10.6066 39
      vertex 25.3757 -30.9204 39
    endloop
  endfacet
  facet normal -0 0 1
    outer loop
      vertex 9.5159 -11.5952 39
      vertex 25.3757 -30.9204 39
      vertex 10.6066 -10.6066 39
    endloop
  endfacet
  facet normal 0 0 1
    outer loop
      vertex 25.3757 -30.9204 39
      vertex 9.5159 -11.5952 39
      vertex 22.2228 -33.2588 39
    endloop
  endfacet
  facet normal -0 0 1
    outer loop
      vertex 8.33355 -12.472 39
      vertex 22.2228 -33.2588 39
      vertex 9.5159 -11.5952 39
    endloop
  endfacet
  facet normal 0 0 1
    outer loop
      vertex 22.2228 -33.2588 39
      vertex 8.33355 -12.472 39
      vertex 18.8559 -35.2768 39
    endloop
  endfacet
  facet normal -0 0 1
    outer loop
      vertex 7.07095 -13.2288 39
      vertex 18.8559 -35.2768 39
      vertex 8.33355 -12.472 39
    endloop
  endfacet
  facet normal 0 0 1
    outer loop
      vertex 18.8559 -35.2768 39
      vertex 7.07095 -13.2288 39
      vertex 15.3073 -36.9552 39
    endloop
  endfacet
  facet normal -0 0 1
    outer loop
      vertex 5.74025 -13.8582 39
      vertex 15.3073 -36.9552 39
      vertex 7.07095 -13.2288 39
    endloop
  endfacet
  facet normal 0 0 1
    outer loop
      vertex 15.3073 -36.9552 39
      vertex 5.74025 -13.8582 39
      vertex 11.6114 -38.2776 39
    endloop
  endfacet
  facet normal -0 0 1
    outer loop
      vertex 4.35427 -14.3541 39
      vertex 11.6114 -38.2776 39
      vertex 5.74025 -13.8582 39
    endloop
  endfacet
  facet normal 0 0 1
    outer loop
      vertex 11.6114 -38.2776 39
      vertex 4.35427 -14.3541 39
      vertex 7.80361 -39.2314 39
    endloop
  endfacet
  facet normal -0 0 1
    outer loop
      vertex 2.92635 -14.7118 39
      vertex 7.80361 -39.2314 39
      vertex 4.35427 -14.3541 39
    endloop
  endfacet
  facet normal 0 0 1
    outer loop
      vertex 7.80361 -39.2314 39
      vertex 2.92635 -14.7118 39
      vertex 3.92068 -39.8074 39
    endloop
  endfacet
  facet normal -0 0 1
    outer loop
      vertex 1.47026 -14.9278 39
      vertex 3.92068 -39.8074 39
      vertex 2.92635 -14.7118 39
    endloop
  endfacet
  facet normal -0 0 1
    outer loop
      vertex 0 -15 39
      vertex 3.92068 -39.8074 39
      vertex 1.47026 -14.9278 39
    endloop
  endfacet
  facet normal 0 0 1
    outer loop
      vertex 0 -15 39
      vertex 0 -40 39
      vertex 3.92068 -39.8074 39
    endloop
  endfacet
  facet normal 0 0 1
    outer loop
      vertex -1.47026 -14.9278 39
      vertex 0 -40 39
      vertex 0 -15 39
    endloop
  endfacet
  facet normal 0 0 1
    outer loop
      vertex -3.92068 -39.8074 39
      vertex -1.47026 -14.9278 39
      vertex -2.92635 -14.7118 39
    endloop
  endfacet
  facet normal 0 0 1
    outer loop
      vertex -1.47026 -14.9278 39
      vertex -3.92068 -39.8074 39
      vertex 0 -40 39
    endloop
  endfacet
  facet normal 0 0 1
    outer loop
      vertex -7.80361 -39.2314 39
      vertex -2.92635 -14.7118 39
      vertex -4.35427 -14.3541 39
    endloop
  endfacet
  facet normal 0 0 1
    outer loop
      vertex -11.6114 -38.2776 39
      vertex -4.35427 -14.3541 39
      vertex -5.74025 -13.8582 39
    endloop
  endfacet
  facet normal 0 0 1
    outer loop
      vertex -15.3073 -36.9552 39
      vertex -5.74025 -13.8582 39
      vertex -7.07095 -13.2288 39
    endloop
  endfacet
  facet normal 0 0 1
    outer loop
      vertex -2.92635 -14.7118 39
      vertex -7.80361 -39.2314 39
      vertex -3.92068 -39.8074 39
    endloop
  endfacet
  facet normal 0 0 1
    outer loop
      vertex -18.8559 -35.2768 39
      vertex -7.07095 -13.2288 39
      vertex -8.33355 -12.472 39
    endloop
  endfacet
  facet normal 0 0 1
    outer loop
      vertex -22.2228 -33.2588 39
      vertex -8.33355 -12.472 39
      vertex -9.5159 -11.5952 39
    endloop
  endfacet
  facet normal 0 0 1
    outer loop
      vertex -25.3757 -30.9204 39
      vertex -9.5159 -11.5952 39
      vertex -10.6066 -10.6066 39
    endloop
  endfacet
  facet normal 0 0 1
    outer loop
      vertex -28.2843 -28.2843 39
      vertex -10.6066 -10.6066 39
      vertex -11.5952 -9.5159 39
    endloop
  endfacet
  facet normal 0 0 1
    outer loop
      vertex -4.35427 -14.3541 39
      vertex -11.6114 -38.2776 39
      vertex -7.80361 -39.2314 39
    endloop
  endfacet
  facet normal 0 0 1
    outer loop
      vertex -30.9204 -25.3757 39
      vertex -11.5952 -9.5159 39
      vertex -12.472 -8.33355 39
    endloop
  endfacet
  facet normal 0 0 1
    outer loop
      vertex -33.2588 -22.2228 39
      vertex -12.472 -8.33355 39
      vertex -13.2288 -7.07095 39
    endloop
  endfacet
  facet normal 0 0 1
    outer loop
      vertex -35.2768 -18.8559 39
      vertex -13.2288 -7.07095 39
      vertex -13.8582 -5.74025 39
    endloop
  endfacet
  facet normal 0 0 1
    outer loop
      vertex -36.9552 -15.3073 39
      vertex -13.8582 -5.74025 39
      vertex -14.3541 -4.35427 39
    endloop
  endfacet
  facet normal 0 0 1
    outer loop
      vertex -38.2776 -11.6114 39
      vertex -14.3541 -4.35427 39
      vertex -14.7118 -2.92635 39
    endloop
  endfacet
  facet normal 0 0 1
    outer loop
      vertex -39.2314 -7.80361 39
      vertex -14.7118 -2.92635 39
      vertex -14.9278 -1.47026 39
    endloop
  endfacet
  facet normal 0 0 1
    outer loop
      vertex -5.74025 -13.8582 39
      vertex -15.3073 -36.9552 39
      vertex -11.6114 -38.2776 39
    endloop
  endfacet
  facet normal 0 0 1
    outer loop
      vertex -39.8074 -3.92068 39
      vertex -14.9278 -1.47026 39
      vertex -15 0 39
    endloop
  endfacet
  facet normal 0 0 1
    outer loop
      vertex -12.472 8.33355 39
      vertex -33.2588 22.2228 39
      vertex -13.2288 7.07095 39
    endloop
  endfacet
  facet normal -0 0 1
    outer loop
      vertex -35.2768 18.8559 39
      vertex -13.2288 7.07095 39
      vertex -33.2588 22.2228 39
    endloop
  endfacet
  facet normal 0 0 1
    outer loop
      vertex -7.07095 -13.2288 39
      vertex -18.8559 -35.2768 39
      vertex -15.3073 -36.9552 39
    endloop
  endfacet
  facet normal 0 0 1
    outer loop
      vertex -13.2288 7.07095 39
      vertex -35.2768 18.8559 39
      vertex -13.8582 5.74025 39
    endloop
  endfacet
  facet normal 0 0 1
    outer loop
      vertex -8.33355 -12.472 39
      vertex -22.2228 -33.2588 39
      vertex -18.8559 -35.2768 39
    endloop
  endfacet
  facet normal -0 0 1
    outer loop
      vertex -36.9552 15.3073 39
      vertex -13.8582 5.74025 39
      vertex -35.2768 18.8559 39
    endloop
  endfacet
  facet normal 0 0 1
    outer loop
      vertex -9.5159 -11.5952 39
      vertex -25.3757 -30.9204 39
      vertex -22.2228 -33.2588 39
    endloop
  endfacet
  facet normal 0 0 1
    outer loop
      vertex -13.8582 5.74025 39
      vertex -36.9552 15.3073 39
      vertex -14.3541 4.35427 39
    endloop
  endfacet
  facet normal 0 0 1
    outer loop
      vertex -10.6066 -10.6066 39
      vertex -28.2843 -28.2843 39
      vertex -25.3757 -30.9204 39
    endloop
  endfacet
  facet normal -0 0 1
    outer loop
      vertex -38.2776 11.6114 39
      vertex -14.3541 4.35427 39
      vertex -36.9552 15.3073 39
    endloop
  endfacet
  facet normal 0 0 1
    outer loop
      vertex -11.5952 -9.5159 39
      vertex -30.9204 -25.3757 39
      vertex -28.2843 -28.2843 39
    endloop
  endfacet
  facet normal 0 0 1
    outer loop
      vertex -14.3541 4.35427 39
      vertex -38.2776 11.6114 39
      vertex -14.7118 2.92635 39
    endloop
  endfacet
  facet normal 0 0 1
    outer loop
      vertex -12.472 -8.33355 39
      vertex -33.2588 -22.2228 39
      vertex -30.9204 -25.3757 39
    endloop
  endfacet
  facet normal -0 0 1
    outer loop
      vertex -39.2314 7.80361 39
      vertex -14.7118 2.92635 39
      vertex -38.2776 11.6114 39
    endloop
  endfacet
  facet normal 0 0 1
    outer loop
      vertex -13.2288 -7.07095 39
      vertex -35.2768 -18.8559 39
      vertex -33.2588 -22.2228 39
    endloop
  endfacet
  facet normal 0 0 1
    outer loop
      vertex -14.7118 2.92635 39
      vertex -39.2314 7.80361 39
      vertex -14.9278 1.47026 39
    endloop
  endfacet
  facet normal 0 0 1
    outer loop
      vertex -13.8582 -5.74025 39
      vertex -36.9552 -15.3073 39
      vertex -35.2768 -18.8559 39
    endloop
  endfacet
  facet normal -0 0 1
    outer loop
      vertex -39.8074 3.92068 39
      vertex -14.9278 1.47026 39
      vertex -39.2314 7.80361 39
    endloop
  endfacet
  facet normal 0 0 1
    outer loop
      vertex -14.3541 -4.35427 39
      vertex -38.2776 -11.6114 39
      vertex -36.9552 -15.3073 39
    endloop
  endfacet
  facet normal 0 0 1
    outer loop
      vertex -14.9278 1.47026 39
      vertex -39.8074 3.92068 39
      vertex -15 0 39
    endloop
  endfacet
  facet normal 0 0 1
    outer loop
      vertex -14.7118 -2.92635 39
      vertex -39.2314 -7.80361 39
      vertex -38.2776 -11.6114 39
    endloop
  endfacet
  facet normal 0 0 1
    outer loop
      vertex -40 0 39
      vertex -15 0 39
      vertex -39.8074 3.92068 39
    endloop
  endfacet
  facet normal 0 0 1
    outer loop
      vertex -14.9278 -1.47026 39
      vertex -39.8074 -3.92068 39
      vertex -39.2314 -7.80361 39
    endloop
  endfacet
  facet normal 0 0 1
    outer loop
      vertex -15 0 39
      vertex -40 0 39
      vertex -39.8074 -3.92068 39
    endloop
  endfacet
  facet normal -0.049065 0.998796 0
    outer loop
      vertex 3.92068 -39.8074 -44
      vertex 0 -40 -39
      vertex 3.92068 -39.8074 -39
    endloop
  endfacet
  facet normal -0.049065 0.998796 0
    outer loop
      vertex 0 -40 -39
      vertex 3.92068 -39.8074 -44
      vertex 0 -40 -44
    endloop
  endfacet
  facet normal -0.989176 0.146736 0
    outer loop
      vertex 39.2314 -7.80361 -44
      vertex 39.8074 -3.92068 -39
      vertex 39.8074 -3.92068 -44
    endloop
  endfacet
  facet normal -0.989176 0.146736 0
    outer loop
      vertex 39.8074 -3.92068 -39
      vertex 39.2314 -7.80361 -44
      vertex 39.2314 -7.80361 -39
    endloop
  endfacet
  facet normal -0.941545 0.336887 0
    outer loop
      vertex 36.9552 -15.3073 -44
      vertex 38.2776 -11.6114 -39
      vertex 38.2776 -11.6114 -44
    endloop
  endfacet
  facet normal -0.941545 0.336887 0
    outer loop
      vertex 38.2776 -11.6114 -39
      vertex 36.9552 -15.3073 -44
      vertex 36.9552 -15.3073 -39
    endloop
  endfacet
  facet normal -0.970031 0.24298 0
    outer loop
      vertex 38.2776 -11.6114 -44
      vertex 39.2314 -7.80361 -39
      vertex 39.2314 -7.80361 -44
    endloop
  endfacet
  facet normal -0.970031 0.24298 0
    outer loop
      vertex 39.2314 -7.80361 -39
      vertex 38.2776 -11.6114 -44
      vertex 38.2776 -11.6114 -39
    endloop
  endfacet
  facet normal -0.427563 0.903986 0
    outer loop
      vertex 18.8559 -35.2768 -44
      vertex 15.3073 -36.9552 -39
      vertex 18.8559 -35.2768 -39
    endloop
  endfacet
  facet normal -0.427563 0.903986 0
    outer loop
      vertex 15.3073 -36.9552 -39
      vertex 18.8559 -35.2768 -44
      vertex 15.3073 -36.9552 -44
    endloop
  endfacet
  facet normal -0.514095 0.857733 0
    outer loop
      vertex 22.2228 -33.2588 -44
      vertex 18.8559 -35.2768 -39
      vertex 22.2228 -33.2588 -39
    endloop
  endfacet
  facet normal -0.514095 0.857733 0
    outer loop
      vertex 18.8559 -35.2768 -39
      vertex 22.2228 -33.2588 -44
      vertex 18.8559 -35.2768 -44
    endloop
  endfacet
  facet normal -0.146736 0.989176 0
    outer loop
      vertex 7.80361 -39.2314 -44
      vertex 3.92068 -39.8074 -39
      vertex 7.80361 -39.2314 -39
    endloop
  endfacet
  facet normal -0.146736 0.989176 0
    outer loop
      vertex 3.92068 -39.8074 -39
      vertex 7.80361 -39.2314 -44
      vertex 3.92068 -39.8074 -44
    endloop
  endfacet
  facet normal -0.740964 0.671545 0
    outer loop
      vertex 28.2843 -28.2843 -44
      vertex 30.9204 -25.3757 -39
      vertex 30.9204 -25.3757 -44
    endloop
  endfacet
  facet normal -0.740964 0.671545 0
    outer loop
      vertex 30.9204 -25.3757 -39
      vertex 28.2843 -28.2843 -44
      vertex 28.2843 -28.2843 -39
    endloop
  endfacet
  facet normal -0.803201 0.595708 0
    outer loop
      vertex 30.9204 -25.3757 -44
      vertex 33.2588 -22.2228 -39
      vertex 33.2588 -22.2228 -44
    endloop
  endfacet
  facet normal -0.803201 0.595708 0
    outer loop
      vertex 33.2588 -22.2228 -39
      vertex 30.9204 -25.3757 -44
      vertex 30.9204 -25.3757 -39
    endloop
  endfacet
  facet normal -0.595708 0.803201 0
    outer loop
      vertex 25.3757 -30.9204 -44
      vertex 22.2228 -33.2588 -39
      vertex 25.3757 -30.9204 -39
    endloop
  endfacet
  facet normal -0.595708 0.803201 0
    outer loop
      vertex 22.2228 -33.2588 -39
      vertex 25.3757 -30.9204 -44
      vertex 22.2228 -33.2588 -44
    endloop
  endfacet
  facet normal -0.998796 0.049065 0
    outer loop
      vertex 39.8074 -3.92068 -44
      vertex 40 0 -39
      vertex 40 0 -44
    endloop
  endfacet
  facet normal -0.998796 0.049065 0
    outer loop
      vertex 40 0 -39
      vertex 39.8074 -3.92068 -44
      vertex 39.8074 -3.92068 -39
    endloop
  endfacet
  facet normal -0.336887 0.941545 0
    outer loop
      vertex 15.3073 -36.9552 -44
      vertex 11.6114 -38.2776 -39
      vertex 15.3073 -36.9552 -39
    endloop
  endfacet
  facet normal -0.336887 0.941545 0
    outer loop
      vertex 11.6114 -38.2776 -39
      vertex 15.3073 -36.9552 -44
      vertex 11.6114 -38.2776 -44
    endloop
  endfacet
  facet normal -0.24298 0.970031 0
    outer loop
      vertex 11.6114 -38.2776 -44
      vertex 7.80361 -39.2314 -39
      vertex 11.6114 -38.2776 -39
    endloop
  endfacet
  facet normal -0.24298 0.970031 0
    outer loop
      vertex 7.80361 -39.2314 -39
      vertex 11.6114 -38.2776 -44
      vertex 7.80361 -39.2314 -44
    endloop
  endfacet
  facet normal -0.903986 0.427563 0
    outer loop
      vertex 35.2768 -18.8559 -44
      vertex 36.9552 -15.3073 -39
      vertex 36.9552 -15.3073 -44
    endloop
  endfacet
  facet normal -0.903986 0.427563 0
    outer loop
      vertex 36.9552 -15.3073 -39
      vertex 35.2768 -18.8559 -44
      vertex 35.2768 -18.8559 -39
    endloop
  endfacet
  facet normal -0.857733 0.514095 0
    outer loop
      vertex 33.2588 -22.2228 -44
      vertex 35.2768 -18.8559 -39
      vertex 35.2768 -18.8559 -44
    endloop
  endfacet
  facet normal -0.857733 0.514095 0
    outer loop
      vertex 35.2768 -18.8559 -39
      vertex 33.2588 -22.2228 -44
      vertex 33.2588 -22.2228 -39
    endloop
  endfacet
  facet normal 0 0 -1
    outer loop
      vertex 15 0 -39
      vertex 40 0 -39
      vertex 39.8074 -3.92068 -39
    endloop
  endfacet
  facet normal 0 0 -1
    outer loop
      vertex 14.9278 -1.47026 -39
      vertex 39.8074 -3.92068 -39
      vertex 39.2314 -7.80361 -39
    endloop
  endfacet
  facet normal 0 0 -1
    outer loop
      vertex 40 0 -39
      vertex 15 0 -39
      vertex 39.8074 3.92068 -39
    endloop
  endfacet
  facet normal 0 0 -1
    outer loop
      vertex 14.7118 -2.92635 -39
      vertex 39.2314 -7.80361 -39
      vertex 38.2776 -11.6114 -39
    endloop
  endfacet
  facet normal 0 0 -1
    outer loop
      vertex 14.9278 1.47026 -39
      vertex 39.8074 3.92068 -39
      vertex 15 0 -39
    endloop
  endfacet
  facet normal 0 0 -1
    outer loop
      vertex 14.3541 -4.35427 -39
      vertex 38.2776 -11.6114 -39
      vertex 36.9552 -15.3073 -39
    endloop
  endfacet
  facet normal -0 0 -1
    outer loop
      vertex 39.8074 3.92068 -39
      vertex 14.9278 1.47026 -39
      vertex 39.2314 7.80361 -39
    endloop
  endfacet
  facet normal 0 0 -1
    outer loop
      vertex 13.8582 -5.74025 -39
      vertex 36.9552 -15.3073 -39
      vertex 35.2768 -18.8559 -39
    endloop
  endfacet
  facet normal 0 0 -1
    outer loop
      vertex 14.7118 2.92635 -39
      vertex 39.2314 7.80361 -39
      vertex 14.9278 1.47026 -39
    endloop
  endfacet
  facet normal 0 0 -1
    outer loop
      vertex 13.2288 -7.07095 -39
      vertex 35.2768 -18.8559 -39
      vertex 33.2588 -22.2228 -39
    endloop
  endfacet
  facet normal -0 0 -1
    outer loop
      vertex 39.2314 7.80361 -39
      vertex 14.7118 2.92635 -39
      vertex 38.2776 11.6114 -39
    endloop
  endfacet
  facet normal 0 0 -1
    outer loop
      vertex 12.472 -8.33355 -39
      vertex 33.2588 -22.2228 -39
      vertex 30.9204 -25.3757 -39
    endloop
  endfacet
  facet normal 0 0 -1
    outer loop
      vertex 14.3541 4.35427 -39
      vertex 38.2776 11.6114 -39
      vertex 14.7118 2.92635 -39
    endloop
  endfacet
  facet normal 0 0 -1
    outer loop
      vertex 11.5952 -9.5159 -39
      vertex 30.9204 -25.3757 -39
      vertex 28.2843 -28.2843 -39
    endloop
  endfacet
  facet normal -0 0 -1
    outer loop
      vertex 38.2776 11.6114 -39
      vertex 14.3541 4.35427 -39
      vertex 36.9552 15.3073 -39
    endloop
  endfacet
  facet normal 0 0 -1
    outer loop
      vertex 10.6066 -10.6066 -39
      vertex 28.2843 -28.2843 -39
      vertex 25.3757 -30.9204 -39
    endloop
  endfacet
  facet normal 0 0 -1
    outer loop
      vertex 13.8582 5.74025 -39
      vertex 36.9552 15.3073 -39
      vertex 14.3541 4.35427 -39
    endloop
  endfacet
  facet normal 0 0 -1
    outer loop
      vertex 9.5159 -11.5952 -39
      vertex 25.3757 -30.9204 -39
      vertex 22.2228 -33.2588 -39
    endloop
  endfacet
  facet normal -0 0 -1
    outer loop
      vertex 36.9552 15.3073 -39
      vertex 13.8582 5.74025 -39
      vertex 35.2768 18.8559 -39
    endloop
  endfacet
  facet normal 0 0 -1
    outer loop
      vertex 8.33355 -12.472 -39
      vertex 22.2228 -33.2588 -39
      vertex 18.8559 -35.2768 -39
    endloop
  endfacet
  facet normal 0 0 -1
    outer loop
      vertex 13.2288 7.07095 -39
      vertex 35.2768 18.8559 -39
      vertex 13.8582 5.74025 -39
    endloop
  endfacet
  facet normal 0 0 -1
    outer loop
      vertex 7.07095 -13.2288 -39
      vertex 18.8559 -35.2768 -39
      vertex 15.3073 -36.9552 -39
    endloop
  endfacet
  facet normal -0 0 -1
    outer loop
      vertex 35.2768 18.8559 -39
      vertex 13.2288 7.07095 -39
      vertex 33.2588 22.2228 -39
    endloop
  endfacet
  facet normal 0 0 -1
    outer loop
      vertex 12.472 8.33355 -39
      vertex 33.2588 22.2228 -39
      vertex 13.2288 7.07095 -39
    endloop
  endfacet
  facet normal 0 0 -1
    outer loop
      vertex 39.8074 -3.92068 -39
      vertex 14.9278 -1.47026 -39
      vertex 15 0 -39
    endloop
  endfacet
  facet normal 0 0 -1
    outer loop
      vertex 39.2314 -7.80361 -39
      vertex 14.7118 -2.92635 -39
      vertex 14.9278 -1.47026 -39
    endloop
  endfacet
  facet normal 0 0 -1
    outer loop
      vertex 38.2776 -11.6114 -39
      vertex 14.3541 -4.35427 -39
      vertex 14.7118 -2.92635 -39
    endloop
  endfacet
  facet normal 0 0 -1
    outer loop
      vertex 36.9552 -15.3073 -39
      vertex 13.8582 -5.74025 -39
      vertex 14.3541 -4.35427 -39
    endloop
  endfacet
  facet normal 0 0 -1
    outer loop
      vertex 35.2768 -18.8559 -39
      vertex 13.2288 -7.07095 -39
      vertex 13.8582 -5.74025 -39
    endloop
  endfacet
  facet normal 0 0 -1
    outer loop
      vertex 33.2588 -22.2228 -39
      vertex 12.472 -8.33355 -39
      vertex 13.2288 -7.07095 -39
    endloop
  endfacet
  facet normal 0 0 -1
    outer loop
      vertex 5.74025 -13.8582 -39
      vertex 15.3073 -36.9552 -39
      vertex 11.6114 -38.2776 -39
    endloop
  endfacet
  facet normal 0 0 -1
    outer loop
      vertex 30.9204 -25.3757 -39
      vertex 11.5952 -9.5159 -39
      vertex 12.472 -8.33355 -39
    endloop
  endfacet
  facet normal 0 0 -1
    outer loop
      vertex 28.2843 -28.2843 -39
      vertex 10.6066 -10.6066 -39
      vertex 11.5952 -9.5159 -39
    endloop
  endfacet
  facet normal 0 0 -1
    outer loop
      vertex 25.3757 -30.9204 -39
      vertex 9.5159 -11.5952 -39
      vertex 10.6066 -10.6066 -39
    endloop
  endfacet
  facet normal 0 0 -1
    outer loop
      vertex 22.2228 -33.2588 -39
      vertex 8.33355 -12.472 -39
      vertex 9.5159 -11.5952 -39
    endloop
  endfacet
  facet normal 0 0 -1
    outer loop
      vertex 4.35427 -14.3541 -39
      vertex 11.6114 -38.2776 -39
      vertex 7.80361 -39.2314 -39
    endloop
  endfacet
  facet normal 0 0 -1
    outer loop
      vertex 18.8559 -35.2768 -39
      vertex 7.07095 -13.2288 -39
      vertex 8.33355 -12.472 -39
    endloop
  endfacet
  facet normal 0 0 -1
    outer loop
      vertex 15.3073 -36.9552 -39
      vertex 5.74025 -13.8582 -39
      vertex 7.07095 -13.2288 -39
    endloop
  endfacet
  facet normal 0 0 -1
    outer loop
      vertex 11.6114 -38.2776 -39
      vertex 4.35427 -14.3541 -39
      vertex 5.74025 -13.8582 -39
    endloop
  endfacet
  facet normal 0 0 -1
    outer loop
      vertex 2.92635 -14.7118 -39
      vertex 7.80361 -39.2314 -39
      vertex 3.92068 -39.8074 -39
    endloop
  endfacet
  facet normal 0 0 -1
    outer loop
      vertex 7.80361 -39.2314 -39
      vertex 2.92635 -14.7118 -39
      vertex 4.35427 -14.3541 -39
    endloop
  endfacet
  facet normal 0 0 -1
    outer loop
      vertex 3.92068 -39.8074 -39
      vertex 1.47026 -14.9278 -39
      vertex 2.92635 -14.7118 -39
    endloop
  endfacet
  facet normal 0 0 -1
    outer loop
      vertex 0 -40 -39
      vertex 1.47026 -14.9278 -39
      vertex 3.92068 -39.8074 -39
    endloop
  endfacet
  facet normal 0 0 -1
    outer loop
      vertex 0 -40 -39
      vertex 0 -15 -39
      vertex 1.47026 -14.9278 -39
    endloop
  endfacet
  facet normal 0 0 -1
    outer loop
      vertex 0 -40 -39
      vertex -1.47026 -14.9278 -39
      vertex 0 -15 -39
    endloop
  endfacet
  facet normal 0 0 -1
    outer loop
      vertex -3.92068 -39.8074 -39
      vertex -1.47026 -14.9278 -39
      vertex 0 -40 -39
    endloop
  endfacet
  facet normal -0 0 -1
    outer loop
      vertex -1.47026 -14.9278 -39
      vertex -3.92068 -39.8074 -39
      vertex -2.92635 -14.7118 -39
    endloop
  endfacet
  facet normal 0 0 -1
    outer loop
      vertex -7.80361 -39.2314 -39
      vertex -2.92635 -14.7118 -39
      vertex -3.92068 -39.8074 -39
    endloop
  endfacet
  facet normal -0 0 -1
    outer loop
      vertex -2.92635 -14.7118 -39
      vertex -7.80361 -39.2314 -39
      vertex -4.35427 -14.3541 -39
    endloop
  endfacet
  facet normal 0 0 -1
    outer loop
      vertex -11.6114 -38.2776 -39
      vertex -4.35427 -14.3541 -39
      vertex -7.80361 -39.2314 -39
    endloop
  endfacet
  facet normal -0 0 -1
    outer loop
      vertex -4.35427 -14.3541 -39
      vertex -11.6114 -38.2776 -39
      vertex -5.74025 -13.8582 -39
    endloop
  endfacet
  facet normal 0 0 -1
    outer loop
      vertex -15.3073 -36.9552 -39
      vertex -5.74025 -13.8582 -39
      vertex -11.6114 -38.2776 -39
    endloop
  endfacet
  facet normal -0 0 -1
    outer loop
      vertex -5.74025 -13.8582 -39
      vertex -15.3073 -36.9552 -39
      vertex -7.07095 -13.2288 -39
    endloop
  endfacet
  facet normal 0 0 -1
    outer loop
      vertex -18.8559 -35.2768 -39
      vertex -7.07095 -13.2288 -39
      vertex -15.3073 -36.9552 -39
    endloop
  endfacet
  facet normal -0 0 -1
    outer loop
      vertex -7.07095 -13.2288 -39
      vertex -18.8559 -35.2768 -39
      vertex -8.33355 -12.472 -39
    endloop
  endfacet
  facet normal 0 0 -1
    outer loop
      vertex -22.2228 -33.2588 -39
      vertex -8.33355 -12.472 -39
      vertex -18.8559 -35.2768 -39
    endloop
  endfacet
  facet normal -0 0 -1
    outer loop
      vertex -8.33355 -12.472 -39
      vertex -22.2228 -33.2588 -39
      vertex -9.5159 -11.5952 -39
    endloop
  endfacet
  facet normal 0 0 -1
    outer loop
      vertex -25.3757 -30.9204 -39
      vertex -9.5159 -11.5952 -39
      vertex -22.2228 -33.2588 -39
    endloop
  endfacet
  facet normal -0 0 -1
    outer loop
      vertex -9.5159 -11.5952 -39
      vertex -25.3757 -30.9204 -39
      vertex -10.6066 -10.6066 -39
    endloop
  endfacet
  facet normal 0 0 -1
    outer loop
      vertex -28.2843 -28.2843 -39
      vertex -10.6066 -10.6066 -39
      vertex -25.3757 -30.9204 -39
    endloop
  endfacet
  facet normal -0 0 -1
    outer loop
      vertex -10.6066 -10.6066 -39
      vertex -28.2843 -28.2843 -39
      vertex -11.5952 -9.5159 -39
    endloop
  endfacet
  facet normal 0 0 -1
    outer loop
      vertex -30.9204 -25.3757 -39
      vertex -11.5952 -9.5159 -39
      vertex -28.2843 -28.2843 -39
    endloop
  endfacet
  facet normal 0 0 -1
    outer loop
      vertex -33.2588 -22.2228 -39
      vertex -12.472 -8.33355 -39
      vertex -30.9204 -25.3757 -39
    endloop
  endfacet
  facet normal -0 0 -1
    outer loop
      vertex -11.5952 -9.5159 -39
      vertex -30.9204 -25.3757 -39
      vertex -12.472 -8.33355 -39
    endloop
  endfacet
  facet normal -0 0 -1
    outer loop
      vertex 33.2588 22.2228 -39
      vertex 12.472 8.33355 -39
      vertex 30.9204 25.3757 -39
    endloop
  endfacet
  facet normal 0 0 -1
    outer loop
      vertex 11.5952 9.5159 -39
      vertex 30.9204 25.3757 -39
      vertex 12.472 8.33355 -39
    endloop
  endfacet
  facet normal -0 0 -1
    outer loop
      vertex 30.9204 25.3757 -39
      vertex 11.5952 9.5159 -39
      vertex 28.2843 28.2843 -39
    endloop
  endfacet
  facet normal 0 0 -1
    outer loop
      vertex 10.6066 10.6066 -39
      vertex 28.2843 28.2843 -39
      vertex 11.5952 9.5159 -39
    endloop
  endfacet
  facet normal -0 0 -1
    outer loop
      vertex 28.2843 28.2843 -39
      vertex 10.6066 10.6066 -39
      vertex 25.3757 30.9204 -39
    endloop
  endfacet
  facet normal 0 0 -1
    outer loop
      vertex 9.5159 11.5952 -39
      vertex 25.3757 30.9204 -39
      vertex 10.6066 10.6066 -39
    endloop
  endfacet
  facet normal -0 0 -1
    outer loop
      vertex 25.3757 30.9204 -39
      vertex 9.5159 11.5952 -39
      vertex 22.2228 33.2588 -39
    endloop
  endfacet
  facet normal 0 0 -1
    outer loop
      vertex 8.33355 12.472 -39
      vertex 22.2228 33.2588 -39
      vertex 9.5159 11.5952 -39
    endloop
  endfacet
  facet normal -0 0 -1
    outer loop
      vertex 22.2228 33.2588 -39
      vertex 8.33355 12.472 -39
      vertex 18.8559 35.2768 -39
    endloop
  endfacet
  facet normal 0 0 -1
    outer loop
      vertex 7.07095 13.2288 -39
      vertex 18.8559 35.2768 -39
      vertex 8.33355 12.472 -39
    endloop
  endfacet
  facet normal -0 0 -1
    outer loop
      vertex 18.8559 35.2768 -39
      vertex 7.07095 13.2288 -39
      vertex 15.3073 36.9552 -39
    endloop
  endfacet
  facet normal 0 0 -1
    outer loop
      vertex 5.74025 13.8582 -39
      vertex 15.3073 36.9552 -39
      vertex 7.07095 13.2288 -39
    endloop
  endfacet
  facet normal -0 0 -1
    outer loop
      vertex 15.3073 36.9552 -39
      vertex 5.74025 13.8582 -39
      vertex 11.6114 38.2776 -39
    endloop
  endfacet
  facet normal 0 0 -1
    outer loop
      vertex 4.35427 14.3541 -39
      vertex 11.6114 38.2776 -39
      vertex 5.74025 13.8582 -39
    endloop
  endfacet
  facet normal -0 0 -1
    outer loop
      vertex 11.6114 38.2776 -39
      vertex 4.35427 14.3541 -39
      vertex 7.80361 39.2314 -39
    endloop
  endfacet
  facet normal 0 0 -1
    outer loop
      vertex 2.92635 14.7118 -39
      vertex 7.80361 39.2314 -39
      vertex 4.35427 14.3541 -39
    endloop
  endfacet
  facet normal -0 0 -1
    outer loop
      vertex 7.80361 39.2314 -39
      vertex 2.92635 14.7118 -39
      vertex 3.92068 39.8074 -39
    endloop
  endfacet
  facet normal 0 0 -1
    outer loop
      vertex 1.47026 14.9278 -39
      vertex 3.92068 39.8074 -39
      vertex 2.92635 14.7118 -39
    endloop
  endfacet
  facet normal 0 0 -1
    outer loop
      vertex 0 15 -39
      vertex 3.92068 39.8074 -39
      vertex 1.47026 14.9278 -39
    endloop
  endfacet
  facet normal 0 0 -1
    outer loop
      vertex 0 15 -39
      vertex 0 40 -39
      vertex 3.92068 39.8074 -39
    endloop
  endfacet
  facet normal 0 0 -1
    outer loop
      vertex -1.47026 14.9278 -39
      vertex 0 40 -39
      vertex 0 15 -39
    endloop
  endfacet
  facet normal 0 0 -1
    outer loop
      vertex -3.92068 39.8074 -39
      vertex -1.47026 14.9278 -39
      vertex -2.92635 14.7118 -39
    endloop
  endfacet
  facet normal 0 0 -1
    outer loop
      vertex -1.47026 14.9278 -39
      vertex -3.92068 39.8074 -39
      vertex 0 40 -39
    endloop
  endfacet
  facet normal 0 0 -1
    outer loop
      vertex -7.80361 39.2314 -39
      vertex -2.92635 14.7118 -39
      vertex -4.35427 14.3541 -39
    endloop
  endfacet
  facet normal 0 0 -1
    outer loop
      vertex -11.6114 38.2776 -39
      vertex -4.35427 14.3541 -39
      vertex -5.74025 13.8582 -39
    endloop
  endfacet
  facet normal 0 0 -1
    outer loop
      vertex -15.3073 36.9552 -39
      vertex -5.74025 13.8582 -39
      vertex -7.07095 13.2288 -39
    endloop
  endfacet
  facet normal 0 0 -1
    outer loop
      vertex -2.92635 14.7118 -39
      vertex -7.80361 39.2314 -39
      vertex -3.92068 39.8074 -39
    endloop
  endfacet
  facet normal 0 0 -1
    outer loop
      vertex -18.8559 35.2768 -39
      vertex -7.07095 13.2288 -39
      vertex -8.33355 12.472 -39
    endloop
  endfacet
  facet normal 0 0 -1
    outer loop
      vertex -22.2228 33.2588 -39
      vertex -8.33355 12.472 -39
      vertex -9.5159 11.5952 -39
    endloop
  endfacet
  facet normal 0 0 -1
    outer loop
      vertex -25.3757 30.9204 -39
      vertex -9.5159 11.5952 -39
      vertex -10.6066 10.6066 -39
    endloop
  endfacet
  facet normal 0 0 -1
    outer loop
      vertex -28.2843 28.2843 -39
      vertex -10.6066 10.6066 -39
      vertex -11.5952 9.5159 -39
    endloop
  endfacet
  facet normal 0 0 -1
    outer loop
      vertex -4.35427 14.3541 -39
      vertex -11.6114 38.2776 -39
      vertex -7.80361 39.2314 -39
    endloop
  endfacet
  facet normal 0 0 -1
    outer loop
      vertex -30.9204 25.3757 -39
      vertex -11.5952 9.5159 -39
      vertex -12.472 8.33355 -39
    endloop
  endfacet
  facet normal 0 0 -1
    outer loop
      vertex -33.2588 22.2228 -39
      vertex -12.472 8.33355 -39
      vertex -13.2288 7.07095 -39
    endloop
  endfacet
  facet normal 0 0 -1
    outer loop
      vertex -35.2768 18.8559 -39
      vertex -13.2288 7.07095 -39
      vertex -13.8582 5.74025 -39
    endloop
  endfacet
  facet normal 0 0 -1
    outer loop
      vertex -36.9552 15.3073 -39
      vertex -13.8582 5.74025 -39
      vertex -14.3541 4.35427 -39
    endloop
  endfacet
  facet normal 0 0 -1
    outer loop
      vertex -38.2776 11.6114 -39
      vertex -14.3541 4.35427 -39
      vertex -14.7118 2.92635 -39
    endloop
  endfacet
  facet normal 0 0 -1
    outer loop
      vertex -39.2314 7.80361 -39
      vertex -14.7118 2.92635 -39
      vertex -14.9278 1.47026 -39
    endloop
  endfacet
  facet normal 0 0 -1
    outer loop
      vertex -5.74025 13.8582 -39
      vertex -15.3073 36.9552 -39
      vertex -11.6114 38.2776 -39
    endloop
  endfacet
  facet normal 0 0 -1
    outer loop
      vertex -39.8074 3.92068 -39
      vertex -14.9278 1.47026 -39
      vertex -15 0 -39
    endloop
  endfacet
  facet normal -0 0 -1
    outer loop
      vertex -12.472 -8.33355 -39
      vertex -33.2588 -22.2228 -39
      vertex -13.2288 -7.07095 -39
    endloop
  endfacet
  facet normal 0 0 -1
    outer loop
      vertex -35.2768 -18.8559 -39
      vertex -13.2288 -7.07095 -39
      vertex -33.2588 -22.2228 -39
    endloop
  endfacet
  facet normal 0 0 -1
    outer loop
      vertex -7.07095 13.2288 -39
      vertex -18.8559 35.2768 -39
      vertex -15.3073 36.9552 -39
    endloop
  endfacet
  facet normal -0 0 -1
    outer loop
      vertex -13.2288 -7.07095 -39
      vertex -35.2768 -18.8559 -39
      vertex -13.8582 -5.74025 -39
    endloop
  endfacet
  facet normal 0 0 -1
    outer loop
      vertex -8.33355 12.472 -39
      vertex -22.2228 33.2588 -39
      vertex -18.8559 35.2768 -39
    endloop
  endfacet
  facet normal 0 0 -1
    outer loop
      vertex -36.9552 -15.3073 -39
      vertex -13.8582 -5.74025 -39
      vertex -35.2768 -18.8559 -39
    endloop
  endfacet
  facet normal 0 0 -1
    outer loop
      vertex -9.5159 11.5952 -39
      vertex -25.3757 30.9204 -39
      vertex -22.2228 33.2588 -39
    endloop
  endfacet
  facet normal -0 0 -1
    outer loop
      vertex -13.8582 -5.74025 -39
      vertex -36.9552 -15.3073 -39
      vertex -14.3541 -4.35427 -39
    endloop
  endfacet
  facet normal 0 0 -1
    outer loop
      vertex -10.6066 10.6066 -39
      vertex -28.2843 28.2843 -39
      vertex -25.3757 30.9204 -39
    endloop
  endfacet
  facet normal 0 0 -1
    outer loop
      vertex -38.2776 -11.6114 -39
      vertex -14.3541 -4.35427 -39
      vertex -36.9552 -15.3073 -39
    endloop
  endfacet
  facet normal 0 0 -1
    outer loop
      vertex -11.5952 9.5159 -39
      vertex -30.9204 25.3757 -39
      vertex -28.2843 28.2843 -39
    endloop
  endfacet
  facet normal -0 0 -1
    outer loop
      vertex -14.3541 -4.35427 -39
      vertex -38.2776 -11.6114 -39
      vertex -14.7118 -2.92635 -39
    endloop
  endfacet
  facet normal 0 0 -1
    outer loop
      vertex -12.472 8.33355 -39
      vertex -33.2588 22.2228 -39
      vertex -30.9204 25.3757 -39
    endloop
  endfacet
  facet normal 0 0 -1
    outer loop
      vertex -39.2314 -7.80361 -39
      vertex -14.7118 -2.92635 -39
      vertex -38.2776 -11.6114 -39
    endloop
  endfacet
  facet normal 0 0 -1
    outer loop
      vertex -13.2288 7.07095 -39
      vertex -35.2768 18.8559 -39
      vertex -33.2588 22.2228 -39
    endloop
  endfacet
  facet normal -0 0 -1
    outer loop
      vertex -14.7118 -2.92635 -39
      vertex -39.2314 -7.80361 -39
      vertex -14.9278 -1.47026 -39
    endloop
  endfacet
  facet normal 0 0 -1
    outer loop
      vertex -13.8582 5.74025 -39
      vertex -36.9552 15.3073 -39
      vertex -35.2768 18.8559 -39
    endloop
  endfacet
  facet normal 0 0 -1
    outer loop
      vertex -39.8074 -3.92068 -39
      vertex -14.9278 -1.47026 -39
      vertex -39.2314 -7.80361 -39
    endloop
  endfacet
  facet normal 0 0 -1
    outer loop
      vertex -14.3541 4.35427 -39
      vertex -38.2776 11.6114 -39
      vertex -36.9552 15.3073 -39
    endloop
  endfacet
  facet normal -0 0 -1
    outer loop
      vertex -14.9278 -1.47026 -39
      vertex -39.8074 -3.92068 -39
      vertex -15 0 -39
    endloop
  endfacet
  facet normal 0 0 -1
    outer loop
      vertex -14.7118 2.92635 -39
      vertex -39.2314 7.80361 -39
      vertex -38.2776 11.6114 -39
    endloop
  endfacet
  facet normal 0 0 -1
    outer loop
      vertex -40 0 -39
      vertex -15 0 -39
      vertex -39.8074 -3.92068 -39
    endloop
  endfacet
  facet normal 0 0 -1
    outer loop
      vertex -14.9278 1.47026 -39
      vertex -39.8074 3.92068 -39
      vertex -39.2314 7.80361 -39
    endloop
  endfacet
  facet normal 0 0 -1
    outer loop
      vertex -15 0 -39
      vertex -40 0 -39
      vertex -39.8074 3.92068 -39
    endloop
  endfacet
  facet normal -0.671545 0.740964 0
    outer loop
      vertex 28.2843 -28.2843 -44
      vertex 25.3757 -30.9204 -39
      vertex 28.2843 -28.2843 -39
    endloop
  endfacet
  facet normal -0.671545 0.740964 0
    outer loop
      vertex 25.3757 -30.9204 -39
      vertex 28.2843 -28.2843 -44
      vertex 25.3757 -30.9204 -44
    endloop
  endfacet
  facet normal 0.989179 -0.146716 0
    outer loop
      vertex 4.90393 -0.975451 44
      vertex 4.97592 -0.490086 -44
      vertex 4.97592 -0.490086 44
    endloop
  endfacet
  facet normal 0.989179 -0.146716 0
    outer loop
      vertex 4.97592 -0.490086 -44
      vertex 4.90393 -0.975451 44
      vertex 4.90393 -0.975451 -44
    endloop
  endfacet
  facet normal 0.857728 -0.514103 0
    outer loop
      vertex 4.15735 -2.77785 44
      vertex 4.40961 -2.35698 -44
      vertex 4.40961 -2.35698 44
    endloop
  endfacet
  facet normal 0.857728 -0.514103 0
    outer loop
      vertex 4.40961 -2.35698 -44
      vertex 4.15735 -2.77785 44
      vertex 4.15735 -2.77785 -44
    endloop
  endfacet
  facet normal 0.146716 -0.989179 0
    outer loop
      vertex 0.490086 -4.97592 -44
      vertex 0.975451 -4.90393 44
      vertex 0.490086 -4.97592 44
    endloop
  endfacet
  facet normal 0.146716 -0.989179 0
    outer loop
      vertex 0.975451 -4.90393 44
      vertex 0.490086 -4.97592 -44
      vertex 0.975451 -4.90393 -44
    endloop
  endfacet
  facet normal 0.514103 -0.857728 0
    outer loop
      vertex 2.35698 -4.40961 -44
      vertex 2.77785 -4.15735 44
      vertex 2.35698 -4.40961 44
    endloop
  endfacet
  facet normal 0.514103 -0.857728 0
    outer loop
      vertex 2.77785 -4.15735 44
      vertex 2.35698 -4.40961 -44
      vertex 2.77785 -4.15735 -44
    endloop
  endfacet
  facet normal 0.242992 -0.970028 0
    outer loop
      vertex 0.975451 -4.90393 -44
      vertex 1.45142 -4.7847 44
      vertex 0.975451 -4.90393 44
    endloop
  endfacet
  facet normal 0.242992 -0.970028 0
    outer loop
      vertex 1.45142 -4.7847 44
      vertex 0.975451 -4.90393 -44
      vertex 1.45142 -4.7847 -44
    endloop
  endfacet
  facet normal 0.5957 -0.803207 0
    outer loop
      vertex 2.77785 -4.15735 -44
      vertex 3.17197 -3.86505 44
      vertex 2.77785 -4.15735 44
    endloop
  endfacet
  facet normal 0.5957 -0.803207 0
    outer loop
      vertex 3.17197 -3.86505 44
      vertex 2.77785 -4.15735 -44
      vertex 3.17197 -3.86505 -44
    endloop
  endfacet
  facet normal 0.941548 -0.336879 0
    outer loop
      vertex 4.6194 -1.91342 44
      vertex 4.7847 -1.45142 -44
      vertex 4.7847 -1.45142 44
    endloop
  endfacet
  facet normal 0.941548 -0.336879 0
    outer loop
      vertex 4.7847 -1.45142 -44
      vertex 4.6194 -1.91342 44
      vertex 4.6194 -1.91342 -44
    endloop
  endfacet
  facet normal 0.970028 -0.242992 0
    outer loop
      vertex 4.7847 -1.45142 44
      vertex 4.90393 -0.975451 -44
      vertex 4.90393 -0.975451 44
    endloop
  endfacet
  facet normal 0.970028 -0.242992 0
    outer loop
      vertex 4.90393 -0.975451 -44
      vertex 4.7847 -1.45142 44
      vertex 4.7847 -1.45142 -44
    endloop
  endfacet
  facet normal 0.998795 -0.049075 0
    outer loop
      vertex 4.97592 -0.490086 44
      vertex 5 0 -44
      vertex 5 0 44
    endloop
  endfacet
  facet normal 0.998795 -0.049075 0
    outer loop
      vertex 5 0 -44
      vertex 4.97592 -0.490086 44
      vertex 4.97592 -0.490086 -44
    endloop
  endfacet
  facet normal 0.740943 -0.671568 0
    outer loop
      vertex 3.53553 -3.53553 44
      vertex 3.86505 -3.17197 -44
      vertex 3.86505 -3.17197 44
    endloop
  endfacet
  facet normal 0.740943 -0.671568 0
    outer loop
      vertex 3.86505 -3.17197 -44
      vertex 3.53553 -3.53553 44
      vertex 3.53553 -3.53553 -44
    endloop
  endfacet
  facet normal 0.803207 -0.5957 0
    outer loop
      vertex 3.86505 -3.17197 44
      vertex 4.15735 -2.77785 -44
      vertex 4.15735 -2.77785 44
    endloop
  endfacet
  facet normal 0.803207 -0.5957 0
    outer loop
      vertex 4.15735 -2.77785 -44
      vertex 3.86505 -3.17197 44
      vertex 3.86505 -3.17197 -44
    endloop
  endfacet
  facet normal 0.049075 -0.998795 0
    outer loop
      vertex 0 -5 -44
      vertex 0.490086 -4.97592 44
      vertex 0 -5 44
    endloop
  endfacet
  facet normal 0.049075 -0.998795 0
    outer loop
      vertex 0.490086 -4.97592 44
      vertex 0 -5 -44
      vertex 0.490086 -4.97592 -44
    endloop
  endfacet
  facet normal 0.903988 -0.427558 0
    outer loop
      vertex 4.40961 -2.35698 44
      vertex 4.6194 -1.91342 -44
      vertex 4.6194 -1.91342 44
    endloop
  endfacet
  facet normal 0.903988 -0.427558 0
    outer loop
      vertex 4.6194 -1.91342 -44
      vertex 4.40961 -2.35698 44
      vertex 4.40961 -2.35698 -44
    endloop
  endfacet
  facet normal 0.671568 -0.740943 0
    outer loop
      vertex 3.17197 -3.86505 -44
      vertex 3.53553 -3.53553 44
      vertex 3.17197 -3.86505 44
    endloop
  endfacet
  facet normal 0.671568 -0.740943 0
    outer loop
      vertex 3.53553 -3.53553 44
      vertex 3.17197 -3.86505 -44
      vertex 3.53553 -3.53553 -44
    endloop
  endfacet
  facet normal 0.336879 -0.941548 0
    outer loop
      vertex 1.45142 -4.7847 -44
      vertex 1.91342 -4.6194 44
      vertex 1.45142 -4.7847 44
    endloop
  endfacet
  facet normal 0.336879 -0.941548 0
    outer loop
      vertex 1.91342 -4.6194 44
      vertex 1.45142 -4.7847 -44
      vertex 1.91342 -4.6194 -44
    endloop
  endfacet
  facet normal 0.427558 -0.903988 0
    outer loop
      vertex 1.91342 -4.6194 -44
      vertex 2.35698 -4.40961 44
      vertex 1.91342 -4.6194 44
    endloop
  endfacet
  facet normal 0.427558 -0.903988 0
    outer loop
      vertex 2.35698 -4.40961 44
      vertex 1.91342 -4.6194 -44
      vertex 2.35698 -4.40961 -44
    endloop
  endfacet
  facet normal 0.941544 -0.336891 0
    outer loop
      vertex 40.6507 -16.8381 46
      vertex 42.1054 -12.7725 -46
      vertex 42.1054 -12.7725 46
    endloop
  endfacet
  facet normal 0.941544 -0.336891 0
    outer loop
      vertex 42.1054 -12.7725 -46
      vertex 40.6507 -16.8381 46
      vertex 40.6507 -16.8381 -46
    endloop
  endfacet
  facet normal 0.146713 -0.989179 0
    outer loop
      vertex 4.31275 -43.7881 -46
      vertex 8.58397 -43.1546 46
      vertex 4.31275 -43.7881 46
    endloop
  endfacet
  facet normal 0.146713 -0.989179 0
    outer loop
      vertex 8.58397 -43.1546 46
      vertex 4.31275 -43.7881 -46
      vertex 8.58397 -43.1546 -46
    endloop
  endfacet
  facet normal 0.803207 -0.5957 0
    outer loop
      vertex 34.0125 -27.9133 46
      vertex 36.5847 -24.4451 -46
      vertex 36.5847 -24.4451 46
    endloop
  endfacet
  facet normal 0.803207 -0.5957 0
    outer loop
      vertex 36.5847 -24.4451 -46
      vertex 34.0125 -27.9133 46
      vertex 34.0125 -27.9133 -46
    endloop
  endfacet
  facet normal 0.5957 -0.803207 0
    outer loop
      vertex 24.4451 -36.5847 -46
      vertex 27.9133 -34.0125 46
      vertex 24.4451 -36.5847 46
    endloop
  endfacet
  facet normal 0.5957 -0.803207 0
    outer loop
      vertex 27.9133 -34.0125 46
      vertex 24.4451 -36.5847 -46
      vertex 27.9133 -34.0125 -46
    endloop
  endfacet
  facet normal 0.989179 -0.146713 0
    outer loop
      vertex 43.1546 -8.58397 46
      vertex 43.7881 -4.31275 -46
      vertex 43.7881 -4.31275 46
    endloop
  endfacet
  facet normal 0.989179 -0.146713 0
    outer loop
      vertex 43.7881 -4.31275 -46
      vertex 43.1546 -8.58397 46
      vertex 43.1546 -8.58397 -46
    endloop
  endfacet
  facet normal 0.97003 -0.242986 0
    outer loop
      vertex 42.1054 -12.7725 46
      vertex 43.1546 -8.58397 -46
      vertex 43.1546 -8.58397 46
    endloop
  endfacet
  facet normal 0.97003 -0.242986 0
    outer loop
      vertex 43.1546 -8.58397 -46
      vertex 42.1054 -12.7725 46
      vertex 42.1054 -12.7725 -46
    endloop
  endfacet
  facet normal 0 0 1
    outer loop
      vertex 23.5355 13.3856 46
      vertex 44 0 46
      vertex 43.7881 4.31275 46
    endloop
  endfacet
  facet normal 0 0 1
    outer loop
      vertex 24.7579 14.2024 46
      vertex 43.7881 4.31275 46
      vertex 43.1546 8.58397 46
    endloop
  endfacet
  facet normal -0 0 1
    outer loop
      vertex 22.8701 13.0709 46
      vertex 44 0 46
      vertex 23.5355 13.3856 46
    endloop
  endfacet
  facet normal 0 0 1
    outer loop
      vertex 25.7976 15.2421 46
      vertex 43.1546 8.58397 46
      vertex 42.1054 12.7725 46
    endloop
  endfacet
  facet normal 0 0 1
    outer loop
      vertex 43.7881 4.31275 46
      vertex 24.1668 13.764 46
      vertex 23.5355 13.3856 46
    endloop
  endfacet
  facet normal -0 0 1
    outer loop
      vertex 26.6144 16.4645 46
      vertex 42.1054 12.7725 46
      vertex 40.6507 16.8381 46
    endloop
  endfacet
  facet normal 0 0 1
    outer loop
      vertex 43.7881 4.31275 46
      vertex 24.7579 14.2024 46
      vertex 24.1668 13.764 46
    endloop
  endfacet
  facet normal -0 0 1
    outer loop
      vertex 27.1771 17.8229 46
      vertex 40.6507 16.8381 46
      vertex 38.8045 20.7415 46
    endloop
  endfacet
  facet normal 0 0 1
    outer loop
      vertex 43.1546 8.58397 46
      vertex 25.3033 14.6967 46
      vertex 24.7579 14.2024 46
    endloop
  endfacet
  facet normal 0 0 1
    outer loop
      vertex 27.5 20 46
      vertex 38.8045 20.7415 46
      vertex 36.5847 24.4451 46
    endloop
  endfacet
  facet normal 0 0 1
    outer loop
      vertex 42.1054 12.7725 46
      vertex 26.236 15.8332 46
      vertex 25.7976 15.2421 46
    endloop
  endfacet
  facet normal 0 0 1
    outer loop
      vertex 27.1771 22.1771 46
      vertex 36.5847 24.4451 46
      vertex 34.0125 27.9133 46
    endloop
  endfacet
  facet normal 0 0 1
    outer loop
      vertex 40.6507 16.8381 46
      vertex 26.9291 17.1299 46
      vertex 26.6144 16.4645 46
    endloop
  endfacet
  facet normal 0 0 1
    outer loop
      vertex 26.236 24.1668 46
      vertex 34.0125 27.9133 46
      vertex 31.1127 31.1127 46
    endloop
  endfacet
  facet normal 0 0 1
    outer loop
      vertex 38.8045 20.7415 46
      vertex 27.3559 18.5368 46
      vertex 27.1771 17.8229 46
    endloop
  endfacet
  facet normal 0 0 1
    outer loop
      vertex 24.1668 26.236 46
      vertex 31.1127 31.1127 46
      vertex 27.9133 34.0125 46
    endloop
  endfacet
  facet normal 0 0 1
    outer loop
      vertex 38.8045 20.7415 46
      vertex 27.5 20 46
      vertex 27.4639 19.2649 46
    endloop
  endfacet
  facet normal 0 0 1
    outer loop
      vertex 38.8045 20.7415 46
      vertex 27.4639 19.2649 46
      vertex 27.3559 18.5368 46
    endloop
  endfacet
  facet normal 0 0 1
    outer loop
      vertex 36.5847 24.4451 46
      vertex 27.4639 20.7351 46
      vertex 27.5 20 46
    endloop
  endfacet
  facet normal 0 0 1
    outer loop
      vertex 36.5847 24.4451 46
      vertex 27.3559 21.4632 46
      vertex 27.4639 20.7351 46
    endloop
  endfacet
  facet normal 0 0 1
    outer loop
      vertex 36.5847 24.4451 46
      vertex 27.1771 22.1771 46
      vertex 27.3559 21.4632 46
    endloop
  endfacet
  facet normal 0 0 1
    outer loop
      vertex 34.0125 27.9133 46
      vertex 26.9291 22.8701 46
      vertex 27.1771 22.1771 46
    endloop
  endfacet
  facet normal 0 0 1
    outer loop
      vertex 34.0125 27.9133 46
      vertex 26.6144 23.5355 46
      vertex 26.9291 22.8701 46
    endloop
  endfacet
  facet normal 0 0 1
    outer loop
      vertex 34.0125 27.9133 46
      vertex 26.236 24.1668 46
      vertex 26.6144 23.5355 46
    endloop
  endfacet
  facet normal 0 0 1
    outer loop
      vertex 31.1127 31.1127 46
      vertex 25.7976 24.7579 46
      vertex 26.236 24.1668 46
    endloop
  endfacet
  facet normal 0 0 1
    outer loop
      vertex 31.1127 31.1127 46
      vertex 25.3033 25.3033 46
      vertex 25.7976 24.7579 46
    endloop
  endfacet
  facet normal 0 0 1
    outer loop
      vertex 31.1127 31.1127 46
      vertex 24.7579 25.7976 46
      vertex 25.3033 25.3033 46
    endloop
  endfacet
  facet normal 0 0 1
    outer loop
      vertex 22.1771 27.1771 46
      vertex 27.9133 34.0125 46
      vertex 24.4451 36.5847 46
    endloop
  endfacet
  facet normal 0 0 1
    outer loop
      vertex 31.1127 31.1127 46
      vertex 24.1668 26.236 46
      vertex 24.7579 25.7976 46
    endloop
  endfacet
  facet normal 0 0 1
    outer loop
      vertex 27.9133 34.0125 46
      vertex 23.5355 26.6144 46
      vertex 24.1668 26.236 46
    endloop
  endfacet
  facet normal 0 0 1
    outer loop
      vertex 27.9133 34.0125 46
      vertex 22.8701 26.9291 46
      vertex 23.5355 26.6144 46
    endloop
  endfacet
  facet normal 0 0 1
    outer loop
      vertex 27.9133 34.0125 46
      vertex 22.1771 27.1771 46
      vertex 22.8701 26.9291 46
    endloop
  endfacet
  facet normal 0 0 1
    outer loop
      vertex 24.4451 36.5847 46
      vertex 21.4632 27.3559 46
      vertex 22.1771 27.1771 46
    endloop
  endfacet
  facet normal 0 0 1
    outer loop
      vertex 20 27.5 46
      vertex 24.4451 36.5847 46
      vertex 20.7415 38.8045 46
    endloop
  endfacet
  facet normal 0 0 1
    outer loop
      vertex 24.4451 36.5847 46
      vertex 20.7351 27.4639 46
      vertex 21.4632 27.3559 46
    endloop
  endfacet
  facet normal 0 0 1
    outer loop
      vertex 24.4451 36.5847 46
      vertex 20 27.5 46
      vertex 20.7351 27.4639 46
    endloop
  endfacet
  facet normal 0 0 1
    outer loop
      vertex 20.7415 38.8045 46
      vertex 19.2649 27.4639 46
      vertex 20 27.5 46
    endloop
  endfacet
  facet normal 0 0 1
    outer loop
      vertex 20.7415 38.8045 46
      vertex 18.5368 27.3559 46
      vertex 19.2649 27.4639 46
    endloop
  endfacet
  facet normal 0 0 1
    outer loop
      vertex 20.7415 38.8045 46
      vertex 17.8229 27.1771 46
      vertex 18.5368 27.3559 46
    endloop
  endfacet
  facet normal 0 0 1
    outer loop
      vertex 16.8381 40.6507 46
      vertex 17.8229 27.1771 46
      vertex 20.7415 38.8045 46
    endloop
  endfacet
  facet normal 0 0 1
    outer loop
      vertex 17.8229 27.1771 46
      vertex 16.8381 40.6507 46
      vertex 17.1299 26.9291 46
    endloop
  endfacet
  facet normal 0 0 1
    outer loop
      vertex 16.8381 40.6507 46
      vertex 16.4645 26.6144 46
      vertex 17.1299 26.9291 46
    endloop
  endfacet
  facet normal 0 0 1
    outer loop
      vertex 12.7725 42.1054 46
      vertex 16.4645 26.6144 46
      vertex 16.8381 40.6507 46
    endloop
  endfacet
  facet normal 0 0 1
    outer loop
      vertex 16.4645 26.6144 46
      vertex 12.7725 42.1054 46
      vertex 15.8332 26.236 46
    endloop
  endfacet
  facet normal 0 0 1
    outer loop
      vertex 15.8332 26.236 46
      vertex 12.7725 42.1054 46
      vertex 15.2421 25.7976 46
    endloop
  endfacet
  facet normal 0 0 1
    outer loop
      vertex 8.58397 43.1546 46
      vertex 15.2421 25.7976 46
      vertex 12.7725 42.1054 46
    endloop
  endfacet
  facet normal 0 0 1
    outer loop
      vertex 15.2421 25.7976 46
      vertex 8.58397 43.1546 46
      vertex 14.6967 25.3033 46
    endloop
  endfacet
  facet normal 0 0 1
    outer loop
      vertex 14.6967 25.3033 46
      vertex 8.58397 43.1546 46
      vertex 14.2024 24.7579 46
    endloop
  endfacet
  facet normal 0 0 1
    outer loop
      vertex 4.31275 43.7881 46
      vertex 14.2024 24.7579 46
      vertex 8.58397 43.1546 46
    endloop
  endfacet
  facet normal 0 0 1
    outer loop
      vertex 14.2024 24.7579 46
      vertex 4.31275 43.7881 46
      vertex 13.764 24.1668 46
    endloop
  endfacet
  facet normal 0 0 1
    outer loop
      vertex 13.764 24.1668 46
      vertex 4.31275 43.7881 46
      vertex 13.3856 23.5355 46
    endloop
  endfacet
  facet normal 0 0 1
    outer loop
      vertex 0 44 46
      vertex 13.3856 23.5355 46
      vertex 4.31275 43.7881 46
    endloop
  endfacet
  facet normal 0 0 1
    outer loop
      vertex 13.3856 23.5355 46
      vertex 0 44 46
      vertex 13.0709 22.8701 46
    endloop
  endfacet
  facet normal -0 0 1
    outer loop
      vertex -4.31275 43.7881 46
      vertex 13.0709 22.8701 46
      vertex 0 44 46
    endloop
  endfacet
  facet normal 0 0 1
    outer loop
      vertex 13.0709 22.8701 46
      vertex -4.31275 43.7881 46
      vertex 12.8229 22.1771 46
    endloop
  endfacet
  facet normal 0 0 1
    outer loop
      vertex 40.6507 16.8381 46
      vertex 27.1771 17.8229 46
      vertex 26.9291 17.1299 46
    endloop
  endfacet
  facet normal 0 0 1
    outer loop
      vertex 42.1054 12.7725 46
      vertex 26.6144 16.4645 46
      vertex 26.236 15.8332 46
    endloop
  endfacet
  facet normal 0 0 1
    outer loop
      vertex 43.1546 8.58397 46
      vertex 25.7976 15.2421 46
      vertex 25.3033 14.6967 46
    endloop
  endfacet
  facet normal 0 0 1
    outer loop
      vertex 44 0 46
      vertex 22.8701 13.0709 46
      vertex 43.7881 -4.31275 46
    endloop
  endfacet
  facet normal -0 0 1
    outer loop
      vertex 22.1771 12.8229 46
      vertex 43.7881 -4.31275 46
      vertex 22.8701 13.0709 46
    endloop
  endfacet
  facet normal 0 0 1
    outer loop
      vertex 43.7881 -4.31275 46
      vertex 22.1771 12.8229 46
      vertex 43.1546 -8.58397 46
    endloop
  endfacet
  facet normal -0 0 1
    outer loop
      vertex 21.4632 12.6441 46
      vertex 43.1546 -8.58397 46
      vertex 22.1771 12.8229 46
    endloop
  endfacet
  facet normal 0 0 1
    outer loop
      vertex 43.1546 -8.58397 46
      vertex 21.4632 12.6441 46
      vertex 42.1054 -12.7725 46
    endloop
  endfacet
  facet normal -0 0 1
    outer loop
      vertex 20.7351 12.5361 46
      vertex 42.1054 -12.7725 46
      vertex 21.4632 12.6441 46
    endloop
  endfacet
  facet normal 0 0 1
    outer loop
      vertex 42.1054 -12.7725 46
      vertex 20.7351 12.5361 46
      vertex 40.6507 -16.8381 46
    endloop
  endfacet
  facet normal -0 0 1
    outer loop
      vertex 20 12.5 46
      vertex 40.6507 -16.8381 46
      vertex 20.7351 12.5361 46
    endloop
  endfacet
  facet normal 0 0 1
    outer loop
      vertex 40.6507 -16.8381 46
      vertex 20 12.5 46
      vertex 38.8045 -20.7415 46
    endloop
  endfacet
  facet normal 0 0 1
    outer loop
      vertex 19.2649 12.5361 46
      vertex 38.8045 -20.7415 46
      vertex 20 12.5 46
    endloop
  endfacet
  facet normal 0 0 1
    outer loop
      vertex 38.8045 -20.7415 46
      vertex 19.2649 12.5361 46
      vertex 36.5847 -24.4451 46
    endloop
  endfacet
  facet normal 0 0 1
    outer loop
      vertex 36.5847 -24.4451 46
      vertex 19.2649 12.5361 46
      vertex 34.0125 -27.9133 46
    endloop
  endfacet
  facet normal 0 0 1
    outer loop
      vertex 18.5368 12.6441 46
      vertex 34.0125 -27.9133 46
      vertex 19.2649 12.5361 46
    endloop
  endfacet
  facet normal 0 0 1
    outer loop
      vertex 34.0125 -27.9133 46
      vertex 18.5368 12.6441 46
      vertex 31.1127 -31.1127 46
    endloop
  endfacet
  facet normal 0 0 1
    outer loop
      vertex 31.1127 -31.1127 46
      vertex 18.5368 12.6441 46
      vertex 27.9133 -34.0125 46
    endloop
  endfacet
  facet normal 0 0 1
    outer loop
      vertex 17.8229 12.8229 46
      vertex 27.9133 -34.0125 46
      vertex 18.5368 12.6441 46
    endloop
  endfacet
  facet normal 0 0 1
    outer loop
      vertex 27.9133 -34.0125 46
      vertex 17.8229 12.8229 46
      vertex 24.4451 -36.5847 46
    endloop
  endfacet
  facet normal 0 0 1
    outer loop
      vertex 24.4451 -36.5847 46
      vertex 17.8229 12.8229 46
      vertex 20.7415 -38.8045 46
    endloop
  endfacet
  facet normal 0 0 1
    outer loop
      vertex 17.1299 13.0709 46
      vertex 20.7415 -38.8045 46
      vertex 17.8229 12.8229 46
    endloop
  endfacet
  facet normal 0 0 1
    outer loop
      vertex 17.1299 13.0709 46
      vertex 16.8381 -40.6507 46
      vertex 20.7415 -38.8045 46
    endloop
  endfacet
  facet normal 0 0 1
    outer loop
      vertex 12.7725 -42.1054 46
      vertex 17.1299 13.0709 46
      vertex 16.4645 13.3856 46
    endloop
  endfacet
  facet normal 0 0 1
    outer loop
      vertex 0 -44 46
      vertex 16.4645 13.3856 46
      vertex 15.8332 13.764 46
    endloop
  endfacet
  facet normal 0 0 1
    outer loop
      vertex -12.7725 -42.1054 46
      vertex 15.8332 13.764 46
      vertex 15.2421 14.2024 46
    endloop
  endfacet
  facet normal 0 0 1
    outer loop
      vertex -24.4451 -36.5847 46
      vertex 15.2421 14.2024 46
      vertex 14.6967 14.6967 46
    endloop
  endfacet
  facet normal 0 0 1
    outer loop
      vertex -34.0125 -27.9133 46
      vertex 14.6967 14.6967 46
      vertex 14.2024 15.2421 46
    endloop
  endfacet
  facet normal 0 0 1
    outer loop
      vertex -42.1054 -12.7725 46
      vertex 14.2024 15.2421 46
      vertex 13.764 15.8332 46
    endloop
  endfacet
  facet normal 0 0 1
    outer loop
      vertex -44 0 46
      vertex 13.764 15.8332 46
      vertex 13.3856 16.4645 46
    endloop
  endfacet
  facet normal 0 0 1
    outer loop
      vertex -42.1054 12.7725 46
      vertex 13.3856 16.4645 46
      vertex 13.0709 17.1299 46
    endloop
  endfacet
  facet normal 0 0 1
    outer loop
      vertex -38.8045 20.7415 46
      vertex 13.0709 17.1299 46
      vertex 12.8229 17.8229 46
    endloop
  endfacet
  facet normal 0 0 1
    outer loop
      vertex 17.1299 13.0709 46
      vertex 12.7725 -42.1054 46
      vertex 16.8381 -40.6507 46
    endloop
  endfacet
  facet normal 0 0 1
    outer loop
      vertex -34.0125 27.9133 46
      vertex 12.8229 17.8229 46
      vertex 12.6441 18.5368 46
    endloop
  endfacet
  facet normal 0 0 1
    outer loop
      vertex -27.9133 34.0125 46
      vertex 12.6441 18.5368 46
      vertex 12.5361 19.2649 46
    endloop
  endfacet
  facet normal 0 0 1
    outer loop
      vertex -20.7415 38.8045 46
      vertex 12.5361 19.2649 46
      vertex 12.5 20 46
    endloop
  endfacet
  facet normal -0 0 1
    outer loop
      vertex -8.58397 43.1546 46
      vertex 12.8229 22.1771 46
      vertex -4.31275 43.7881 46
    endloop
  endfacet
  facet normal 0 0 1
    outer loop
      vertex 16.4645 13.3856 46
      vertex 8.58397 -43.1546 46
      vertex 12.7725 -42.1054 46
    endloop
  endfacet
  facet normal 0 0 1
    outer loop
      vertex 12.8229 22.1771 46
      vertex -8.58397 43.1546 46
      vertex 12.6441 21.4632 46
    endloop
  endfacet
  facet normal 0 0 1
    outer loop
      vertex 16.4645 13.3856 46
      vertex 4.31275 -43.7881 46
      vertex 8.58397 -43.1546 46
    endloop
  endfacet
  facet normal -0 0 1
    outer loop
      vertex -12.7725 42.1054 46
      vertex 12.6441 21.4632 46
      vertex -8.58397 43.1546 46
    endloop
  endfacet
  facet normal 0 0 1
    outer loop
      vertex 16.4645 13.3856 46
      vertex 0 -44 46
      vertex 4.31275 -43.7881 46
    endloop
  endfacet
  facet normal 0 0 1
    outer loop
      vertex 12.6441 21.4632 46
      vertex -12.7725 42.1054 46
      vertex 12.5361 20.7351 46
    endloop
  endfacet
  facet normal 0 0 1
    outer loop
      vertex 15.8332 13.764 46
      vertex -4.31275 -43.7881 46
      vertex 0 -44 46
    endloop
  endfacet
  facet normal -0 0 1
    outer loop
      vertex -16.8381 40.6507 46
      vertex 12.5361 20.7351 46
      vertex -12.7725 42.1054 46
    endloop
  endfacet
  facet normal 0 0 1
    outer loop
      vertex 15.8332 13.764 46
      vertex -8.58397 -43.1546 46
      vertex -4.31275 -43.7881 46
    endloop
  endfacet
  facet normal 0 0 1
    outer loop
      vertex 12.5361 20.7351 46
      vertex -16.8381 40.6507 46
      vertex 12.5 20 46
    endloop
  endfacet
  facet normal 0 0 1
    outer loop
      vertex 15.8332 13.764 46
      vertex -12.7725 -42.1054 46
      vertex -8.58397 -43.1546 46
    endloop
  endfacet
  facet normal -0 0 1
    outer loop
      vertex -20.7415 38.8045 46
      vertex 12.5 20 46
      vertex -16.8381 40.6507 46
    endloop
  endfacet
  facet normal 0 0 1
    outer loop
      vertex 15.2421 14.2024 46
      vertex -16.8381 -40.6507 46
      vertex -12.7725 -42.1054 46
    endloop
  endfacet
  facet normal 0 0 1
    outer loop
      vertex 12.5361 19.2649 46
      vertex -20.7415 38.8045 46
      vertex -24.4451 36.5847 46
    endloop
  endfacet
  facet normal 0 0 1
    outer loop
      vertex 15.2421 14.2024 46
      vertex -20.7415 -38.8045 46
      vertex -16.8381 -40.6507 46
    endloop
  endfacet
  facet normal 0 0 1
    outer loop
      vertex 12.5361 19.2649 46
      vertex -24.4451 36.5847 46
      vertex -27.9133 34.0125 46
    endloop
  endfacet
  facet normal 0 0 1
    outer loop
      vertex 15.2421 14.2024 46
      vertex -24.4451 -36.5847 46
      vertex -20.7415 -38.8045 46
    endloop
  endfacet
  facet normal 0 0 1
    outer loop
      vertex 12.6441 18.5368 46
      vertex -27.9133 34.0125 46
      vertex -31.1127 31.1127 46
    endloop
  endfacet
  facet normal 0 0 1
    outer loop
      vertex 14.6967 14.6967 46
      vertex -27.9133 -34.0125 46
      vertex -24.4451 -36.5847 46
    endloop
  endfacet
  facet normal 0 0 1
    outer loop
      vertex 12.6441 18.5368 46
      vertex -31.1127 31.1127 46
      vertex -34.0125 27.9133 46
    endloop
  endfacet
  facet normal 0 0 1
    outer loop
      vertex 14.6967 14.6967 46
      vertex -31.1127 -31.1127 46
      vertex -27.9133 -34.0125 46
    endloop
  endfacet
  facet normal 0 0 1
    outer loop
      vertex 12.8229 17.8229 46
      vertex -34.0125 27.9133 46
      vertex -36.5847 24.4451 46
    endloop
  endfacet
  facet normal 0 0 1
    outer loop
      vertex 14.6967 14.6967 46
      vertex -34.0125 -27.9133 46
      vertex -31.1127 -31.1127 46
    endloop
  endfacet
  facet normal 0 0 1
    outer loop
      vertex 12.8229 17.8229 46
      vertex -36.5847 24.4451 46
      vertex -38.8045 20.7415 46
    endloop
  endfacet
  facet normal 0 0 1
    outer loop
      vertex 14.2024 15.2421 46
      vertex -36.5847 -24.4451 46
      vertex -34.0125 -27.9133 46
    endloop
  endfacet
  facet normal 0 0 1
    outer loop
      vertex 13.0709 17.1299 46
      vertex -38.8045 20.7415 46
      vertex -40.6507 16.8381 46
    endloop
  endfacet
  facet normal 0 0 1
    outer loop
      vertex 14.2024 15.2421 46
      vertex -38.8045 -20.7415 46
      vertex -36.5847 -24.4451 46
    endloop
  endfacet
  facet normal 0 0 1
    outer loop
      vertex 13.0709 17.1299 46
      vertex -40.6507 16.8381 46
      vertex -42.1054 12.7725 46
    endloop
  endfacet
  facet normal 0 0 1
    outer loop
      vertex 14.2024 15.2421 46
      vertex -40.6507 -16.8381 46
      vertex -38.8045 -20.7415 46
    endloop
  endfacet
  facet normal 0 0 1
    outer loop
      vertex 13.3856 16.4645 46
      vertex -42.1054 12.7725 46
      vertex -43.1546 8.58397 46
    endloop
  endfacet
  facet normal 0 0 1
    outer loop
      vertex 14.2024 15.2421 46
      vertex -42.1054 -12.7725 46
      vertex -40.6507 -16.8381 46
    endloop
  endfacet
  facet normal 0 0 1
    outer loop
      vertex 13.3856 16.4645 46
      vertex -43.1546 8.58397 46
      vertex -43.7881 4.31275 46
    endloop
  endfacet
  facet normal 0 0 1
    outer loop
      vertex 13.764 15.8332 46
      vertex -43.1546 -8.58397 46
      vertex -42.1054 -12.7725 46
    endloop
  endfacet
  facet normal 0 0 1
    outer loop
      vertex 13.3856 16.4645 46
      vertex -43.7881 4.31275 46
      vertex -44 0 46
    endloop
  endfacet
  facet normal 0 0 1
    outer loop
      vertex 13.764 15.8332 46
      vertex -43.7881 -4.31275 46
      vertex -43.1546 -8.58397 46
    endloop
  endfacet
  facet normal 0 0 1
    outer loop
      vertex 13.764 15.8332 46
      vertex -44 0 46
      vertex -43.7881 -4.31275 46
    endloop
  endfacet
  facet normal 0.998795 -0.0490742 0
    outer loop
      vertex 43.7881 -4.31275 46
      vertex 44 0 -46
      vertex 44 0 46
    endloop
  endfacet
  facet normal 0.998795 -0.0490742 0
    outer loop
      vertex 44 0 -46
      vertex 43.7881 -4.31275 46
      vertex 43.7881 -4.31275 -46
    endloop
  endfacet
  facet normal 0.242986 -0.97003 0
    outer loop
      vertex 8.58397 -43.1546 -46
      vertex 12.7725 -42.1054 46
      vertex 8.58397 -43.1546 46
    endloop
  endfacet
  facet normal 0.242986 -0.97003 0
    outer loop
      vertex 12.7725 -42.1054 46
      vertex 8.58397 -43.1546 -46
      vertex 12.7725 -42.1054 -46
    endloop
  endfacet
  facet normal 0.0490742 -0.998795 0
    outer loop
      vertex 0 -44 -46
      vertex 4.31275 -43.7881 46
      vertex 0 -44 46
    endloop
  endfacet
  facet normal 0.0490742 -0.998795 0
    outer loop
      vertex 4.31275 -43.7881 46
      vertex 0 -44 -46
      vertex 4.31275 -43.7881 -46
    endloop
  endfacet
  facet normal 0.857734 -0.514094 0
    outer loop
      vertex 36.5847 -24.4451 46
      vertex 38.8045 -20.7415 -46
      vertex 38.8045 -20.7415 46
    endloop
  endfacet
  facet normal 0.857734 -0.514094 0
    outer loop
      vertex 38.8045 -20.7415 -46
      vertex 36.5847 -24.4451 46
      vertex 36.5847 -24.4451 -46
    endloop
  endfacet
  facet normal 0.740947 -0.671563 0
    outer loop
      vertex 31.1127 -31.1127 46
      vertex 34.0125 -27.9133 -46
      vertex 34.0125 -27.9133 46
    endloop
  endfacet
  facet normal 0.740947 -0.671563 0
    outer loop
      vertex 34.0125 -27.9133 -46
      vertex 31.1127 -31.1127 46
      vertex 31.1127 -31.1127 -46
    endloop
  endfacet
  facet normal 0.671563 -0.740947 0
    outer loop
      vertex 27.9133 -34.0125 -46
      vertex 31.1127 -31.1127 46
      vertex 27.9133 -34.0125 46
    endloop
  endfacet
  facet normal 0.671563 -0.740947 0
    outer loop
      vertex 31.1127 -31.1127 46
      vertex 27.9133 -34.0125 -46
      vertex 31.1127 -31.1127 -46
    endloop
  endfacet
  facet normal 0.336891 -0.941544 0
    outer loop
      vertex 12.7725 -42.1054 -46
      vertex 16.8381 -40.6507 46
      vertex 12.7725 -42.1054 46
    endloop
  endfacet
  facet normal 0.336891 -0.941544 0
    outer loop
      vertex 16.8381 -40.6507 46
      vertex 12.7725 -42.1054 -46
      vertex 16.8381 -40.6507 -46
    endloop
  endfacet
  facet normal 0.514094 -0.857734 0
    outer loop
      vertex 20.7415 -38.8045 -46
      vertex 24.4451 -36.5847 46
      vertex 20.7415 -38.8045 46
    endloop
  endfacet
  facet normal 0.514094 -0.857734 0
    outer loop
      vertex 24.4451 -36.5847 46
      vertex 20.7415 -38.8045 -46
      vertex 24.4451 -36.5847 -46
    endloop
  endfacet
  facet normal 0.427561 -0.903987 0
    outer loop
      vertex 16.8381 -40.6507 -46
      vertex 20.7415 -38.8045 46
      vertex 16.8381 -40.6507 46
    endloop
  endfacet
  facet normal 0.427561 -0.903987 0
    outer loop
      vertex 20.7415 -38.8045 46
      vertex 16.8381 -40.6507 -46
      vertex 20.7415 -38.8045 -46
    endloop
  endfacet
  facet normal 0.903987 -0.427561 0
    outer loop
      vertex 38.8045 -20.7415 46
      vertex 40.6507 -16.8381 -46
      vertex 40.6507 -16.8381 46
    endloop
  endfacet
  facet normal 0.903987 -0.427561 0
    outer loop
      vertex 40.6507 -16.8381 -46
      vertex 38.8045 -20.7415 46
      vertex 38.8045 -20.7415 -46
    endloop
  endfacet
  facet normal 0 0 -1
    outer loop
      vertex 43.7881 -4.31275 -46
      vertex 43.7881 4.31275 -46
      vertex 44 0 -46
    endloop
  endfacet
  facet normal 0 0 -1
    outer loop
      vertex 43.1546 -8.58397 -46
      vertex 43.7881 4.31275 -46
      vertex 43.7881 -4.31275 -46
    endloop
  endfacet
  facet normal 0 0 -1
    outer loop
      vertex 43.1546 -8.58397 -46
      vertex 43.1546 8.58397 -46
      vertex 43.7881 4.31275 -46
    endloop
  endfacet
  facet normal 0 0 -1
    outer loop
      vertex 42.1054 -12.7725 -46
      vertex 43.1546 8.58397 -46
      vertex 43.1546 -8.58397 -46
    endloop
  endfacet
  facet normal 0 0 -1
    outer loop
      vertex 42.1054 -12.7725 -46
      vertex 42.1054 12.7725 -46
      vertex 43.1546 8.58397 -46
    endloop
  endfacet
  facet normal 0 0 -1
    outer loop
      vertex 40.6507 -16.8381 -46
      vertex 42.1054 12.7725 -46
      vertex 42.1054 -12.7725 -46
    endloop
  endfacet
  facet normal 0 0 -1
    outer loop
      vertex 40.6507 -16.8381 -46
      vertex 40.6507 16.8381 -46
      vertex 42.1054 12.7725 -46
    endloop
  endfacet
  facet normal 0 0 -1
    outer loop
      vertex 38.8045 -20.7415 -46
      vertex 40.6507 16.8381 -46
      vertex 40.6507 -16.8381 -46
    endloop
  endfacet
  facet normal 0 0 -1
    outer loop
      vertex 38.8045 -20.7415 -46
      vertex 38.8045 20.7415 -46
      vertex 40.6507 16.8381 -46
    endloop
  endfacet
  facet normal 0 0 -1
    outer loop
      vertex 36.5847 -24.4451 -46
      vertex 38.8045 20.7415 -46
      vertex 38.8045 -20.7415 -46
    endloop
  endfacet
  facet normal 0 0 -1
    outer loop
      vertex 36.5847 -24.4451 -46
      vertex 36.5847 24.4451 -46
      vertex 38.8045 20.7415 -46
    endloop
  endfacet
  facet normal 0 0 -1
    outer loop
      vertex 34.0125 -27.9133 -46
      vertex 36.5847 24.4451 -46
      vertex 36.5847 -24.4451 -46
    endloop
  endfacet
  facet normal 0 0 -1
    outer loop
      vertex 34.0125 -27.9133 -46
      vertex 34.0125 27.9133 -46
      vertex 36.5847 24.4451 -46
    endloop
  endfacet
  facet normal 0 0 -1
    outer loop
      vertex 31.1127 -31.1127 -46
      vertex 34.0125 27.9133 -46
      vertex 34.0125 -27.9133 -46
    endloop
  endfacet
  facet normal 0 0 -1
    outer loop
      vertex 31.1127 -31.1127 -46
      vertex 31.1127 31.1127 -46
      vertex 34.0125 27.9133 -46
    endloop
  endfacet
  facet normal 0 0 -1
    outer loop
      vertex 27.9133 -34.0125 -46
      vertex 31.1127 31.1127 -46
      vertex 31.1127 -31.1127 -46
    endloop
  endfacet
  facet normal 0 0 -1
    outer loop
      vertex 27.9133 -34.0125 -46
      vertex 27.9133 34.0125 -46
      vertex 31.1127 31.1127 -46
    endloop
  endfacet
  facet normal 0 0 -1
    outer loop
      vertex 24.4451 -36.5847 -46
      vertex 27.9133 34.0125 -46
      vertex 27.9133 -34.0125 -46
    endloop
  endfacet
  facet normal 0 0 -1
    outer loop
      vertex 24.4451 -36.5847 -46
      vertex 24.4451 36.5847 -46
      vertex 27.9133 34.0125 -46
    endloop
  endfacet
  facet normal 0 0 -1
    outer loop
      vertex 20.7415 -38.8045 -46
      vertex 24.4451 36.5847 -46
      vertex 24.4451 -36.5847 -46
    endloop
  endfacet
  facet normal 0 0 -1
    outer loop
      vertex 20.7415 -38.8045 -46
      vertex 20.7415 38.8045 -46
      vertex 24.4451 36.5847 -46
    endloop
  endfacet
  facet normal 0 0 -1
    outer loop
      vertex 16.8381 -40.6507 -46
      vertex 20.7415 38.8045 -46
      vertex 20.7415 -38.8045 -46
    endloop
  endfacet
  facet normal 0 0 -1
    outer loop
      vertex 16.8381 -40.6507 -46
      vertex 16.8381 40.6507 -46
      vertex 20.7415 38.8045 -46
    endloop
  endfacet
  facet normal 0 0 -1
    outer loop
      vertex 12.7725 -42.1054 -46
      vertex 16.8381 40.6507 -46
      vertex 16.8381 -40.6507 -46
    endloop
  endfacet
  facet normal 0 0 -1
    outer loop
      vertex 12.7725 -42.1054 -46
      vertex 12.7725 42.1054 -46
      vertex 16.8381 40.6507 -46
    endloop
  endfacet
  facet normal 0 0 -1
    outer loop
      vertex 8.58397 -43.1546 -46
      vertex 12.7725 42.1054 -46
      vertex 12.7725 -42.1054 -46
    endloop
  endfacet
  facet normal 0 0 -1
    outer loop
      vertex 8.58397 -43.1546 -46
      vertex 8.58397 43.1546 -46
      vertex 12.7725 42.1054 -46
    endloop
  endfacet
  facet normal 0 0 -1
    outer loop
      vertex 4.31275 -43.7881 -46
      vertex 8.58397 43.1546 -46
      vertex 8.58397 -43.1546 -46
    endloop
  endfacet
  facet normal 0 0 -1
    outer loop
      vertex 4.31275 -43.7881 -46
      vertex 4.31275 43.7881 -46
      vertex 8.58397 43.1546 -46
    endloop
  endfacet
  facet normal 0 0 -1
    outer loop
      vertex 0 -44 -46
      vertex 4.31275 43.7881 -46
      vertex 4.31275 -43.7881 -46
    endloop
  endfacet
  facet normal 0 0 -1
    outer loop
      vertex 0 -44 -46
      vertex 0 44 -46
      vertex 4.31275 43.7881 -46
    endloop
  endfacet
  facet normal 0 0 -1
    outer loop
      vertex -4.31275 -43.7881 -46
      vertex 0 44 -46
      vertex 0 -44 -46
    endloop
  endfacet
  facet normal 0 0 -1
    outer loop
      vertex -4.31275 -43.7881 -46
      vertex -4.31275 43.7881 -46
      vertex 0 44 -46
    endloop
  endfacet
  facet normal 0 0 -1
    outer loop
      vertex -8.58397 -43.1546 -46
      vertex -4.31275 43.7881 -46
      vertex -4.31275 -43.7881 -46
    endloop
  endfacet
  facet normal 0 0 -1
    outer loop
      vertex -8.58397 -43.1546 -46
      vertex -8.58397 43.1546 -46
      vertex -4.31275 43.7881 -46
    endloop
  endfacet
  facet normal 0 0 -1
    outer loop
      vertex -12.7725 -42.1054 -46
      vertex -8.58397 43.1546 -46
      vertex -8.58397 -43.1546 -46
    endloop
  endfacet
  facet normal 0 0 -1
    outer loop
      vertex -12.7725 -42.1054 -46
      vertex -12.7725 42.1054 -46
      vertex -8.58397 43.1546 -46
    endloop
  endfacet
  facet normal 0 0 -1
    outer loop
      vertex -16.8381 -40.6507 -46
      vertex -12.7725 42.1054 -46
      vertex -12.7725 -42.1054 -46
    endloop
  endfacet
  facet normal 0 0 -1
    outer loop
      vertex -16.8381 -40.6507 -46
      vertex -16.8381 40.6507 -46
      vertex -12.7725 42.1054 -46
    endloop
  endfacet
  facet normal 0 0 -1
    outer loop
      vertex -20.7415 -38.8045 -46
      vertex -16.8381 40.6507 -46
      vertex -16.8381 -40.6507 -46
    endloop
  endfacet
  facet normal 0 0 -1
    outer loop
      vertex -20.7415 -38.8045 -46
      vertex -20.7415 38.8045 -46
      vertex -16.8381 40.6507 -46
    endloop
  endfacet
  facet normal 0 0 -1
    outer loop
      vertex -24.4451 -36.5847 -46
      vertex -20.7415 38.8045 -46
      vertex -20.7415 -38.8045 -46
    endloop
  endfacet
  facet normal 0 0 -1
    outer loop
      vertex -24.4451 -36.5847 -46
      vertex -24.4451 36.5847 -46
      vertex -20.7415 38.8045 -46
    endloop
  endfacet
  facet normal 0 0 -1
    outer loop
      vertex -27.9133 -34.0125 -46
      vertex -24.4451 36.5847 -46
      vertex -24.4451 -36.5847 -46
    endloop
  endfacet
  facet normal 0 0 -1
    outer loop
      vertex -27.9133 -34.0125 -46
      vertex -27.9133 34.0125 -46
      vertex -24.4451 36.5847 -46
    endloop
  endfacet
  facet normal 0 0 -1
    outer loop
      vertex -31.1127 -31.1127 -46
      vertex -27.9133 34.0125 -46
      vertex -27.9133 -34.0125 -46
    endloop
  endfacet
  facet normal 0 0 -1
    outer loop
      vertex -31.1127 -31.1127 -46
      vertex -31.1127 31.1127 -46
      vertex -27.9133 34.0125 -46
    endloop
  endfacet
  facet normal 0 0 -1
    outer loop
      vertex -34.0125 -27.9133 -46
      vertex -31.1127 31.1127 -46
      vertex -31.1127 -31.1127 -46
    endloop
  endfacet
  facet normal 0 0 -1
    outer loop
      vertex -34.0125 -27.9133 -46
      vertex -34.0125 27.9133 -46
      vertex -31.1127 31.1127 -46
    endloop
  endfacet
  facet normal 0 0 -1
    outer loop
      vertex -36.5847 -24.4451 -46
      vertex -34.0125 27.9133 -46
      vertex -34.0125 -27.9133 -46
    endloop
  endfacet
  facet normal 0 0 -1
    outer loop
      vertex -36.5847 -24.4451 -46
      vertex -36.5847 24.4451 -46
      vertex -34.0125 27.9133 -46
    endloop
  endfacet
  facet normal 0 0 -1
    outer loop
      vertex -38.8045 -20.7415 -46
      vertex -36.5847 24.4451 -46
      vertex -36.5847 -24.4451 -46
    endloop
  endfacet
  facet normal 0 0 -1
    outer loop
      vertex -38.8045 -20.7415 -46
      vertex -38.8045 20.7415 -46
      vertex -36.5847 24.4451 -46
    endloop
  endfacet
  facet normal 0 0 -1
    outer loop
      vertex -40.6507 -16.8381 -46
      vertex -38.8045 20.7415 -46
      vertex -38.8045 -20.7415 -46
    endloop
  endfacet
  facet normal 0 0 -1
    outer loop
      vertex -40.6507 -16.8381 -46
      vertex -40.6507 16.8381 -46
      vertex -38.8045 20.7415 -46
    endloop
  endfacet
  facet normal 0 0 -1
    outer loop
      vertex -42.1054 -12.7725 -46
      vertex -40.6507 16.8381 -46
      vertex -40.6507 -16.8381 -46
    endloop
  endfacet
  facet normal 0 0 -1
    outer loop
      vertex -42.1054 -12.7725 -46
      vertex -42.1054 12.7725 -46
      vertex -40.6507 16.8381 -46
    endloop
  endfacet
  facet normal 0 0 -1
    outer loop
      vertex -43.1546 -8.58397 -46
      vertex -42.1054 12.7725 -46
      vertex -42.1054 -12.7725 -46
    endloop
  endfacet
  facet normal 0 0 -1
    outer loop
      vertex -43.1546 -8.58397 -46
      vertex -43.1546 8.58397 -46
      vertex -42.1054 12.7725 -46
    endloop
  endfacet
  facet normal 0 0 -1
    outer loop
      vertex -43.7881 -4.31275 -46
      vertex -43.1546 8.58397 -46
      vertex -43.1546 -8.58397 -46
    endloop
  endfacet
  facet normal 0 0 -1
    outer loop
      vertex -43.7881 -4.31275 -46
      vertex -43.7881 4.31275 -46
      vertex -43.1546 8.58397 -46
    endloop
  endfacet
  facet normal 0 -0 -1
    outer loop
      vertex -43.7881 4.31275 -46
      vertex -43.7881 -4.31275 -46
      vertex -44 0 -46
    endloop
  endfacet
  facet normal -0.740935 -0.671577 0
    outer loop
      vertex 11.5952 9.5159 -39
      vertex 10.6066 10.6066 39
      vertex 10.6066 10.6066 -39
    endloop
  endfacet
  facet normal -0.740935 -0.671577 0
    outer loop
      vertex 10.6066 10.6066 39
      vertex 11.5952 9.5159 -39
      vertex 11.5952 9.5159 39
    endloop
  endfacet
  facet normal -0.989176 -0.146737 0
    outer loop
      vertex 14.9278 1.47026 -39
      vertex 14.7118 2.92635 39
      vertex 14.7118 2.92635 -39
    endloop
  endfacet
  facet normal -0.989176 -0.146737 0
    outer loop
      vertex 14.7118 2.92635 39
      vertex 14.9278 1.47026 -39
      vertex 14.9278 1.47026 39
    endloop
  endfacet
  facet normal -0.998796 -0.0490479 0
    outer loop
      vertex 15 0 -39
      vertex 14.9278 1.47026 39
      vertex 14.9278 1.47026 -39
    endloop
  endfacet
  facet normal -0.998796 -0.0490479 0
    outer loop
      vertex 14.9278 1.47026 39
      vertex 15 0 -39
      vertex 15 0 39
    endloop
  endfacet
  facet normal -0.970027 -0.242996 0
    outer loop
      vertex 14.7118 2.92635 -39
      vertex 14.3541 4.35427 39
      vertex 14.3541 4.35427 -39
    endloop
  endfacet
  facet normal -0.970027 -0.242996 0
    outer loop
      vertex 14.3541 4.35427 39
      vertex 14.7118 2.92635 -39
      vertex 14.7118 2.92635 39
    endloop
  endfacet
  facet normal -0.857721 -0.514116 0
    outer loop
      vertex 13.2288 7.07095 -39
      vertex 12.472 8.33355 39
      vertex 12.472 8.33355 -39
    endloop
  endfacet
  facet normal -0.857721 -0.514116 0
    outer loop
      vertex 12.472 8.33355 39
      vertex 13.2288 7.07095 -39
      vertex 13.2288 7.07095 39
    endloop
  endfacet
  facet normal -0.941547 -0.336883 0
    outer loop
      vertex 14.3541 4.35427 -39
      vertex 13.8582 5.74025 39
      vertex 13.8582 5.74025 -39
    endloop
  endfacet
  facet normal -0.941547 -0.336883 0
    outer loop
      vertex 13.8582 5.74025 39
      vertex 14.3541 4.35427 -39
      vertex 14.3541 4.35427 39
    endloop
  endfacet
  facet normal -0.242996 -0.970027 0
    outer loop
      vertex 2.92635 14.7118 -39
      vertex 4.35427 14.3541 39
      vertex 2.92635 14.7118 39
    endloop
  endfacet
  facet normal -0.242996 -0.970027 -0
    outer loop
      vertex 4.35427 14.3541 39
      vertex 2.92635 14.7118 -39
      vertex 4.35427 14.3541 -39
    endloop
  endfacet
  facet normal -0.427569 -0.903983 0
    outer loop
      vertex 5.74025 13.8582 -39
      vertex 7.07095 13.2288 39
      vertex 5.74025 13.8582 39
    endloop
  endfacet
  facet normal -0.427569 -0.903983 -0
    outer loop
      vertex 7.07095 13.2288 39
      vertex 5.74025 13.8582 -39
      vertex 7.07095 13.2288 -39
    endloop
  endfacet
  facet normal -0.671577 -0.740935 0
    outer loop
      vertex 9.5159 11.5952 -39
      vertex 10.6066 10.6066 39
      vertex 9.5159 11.5952 39
    endloop
  endfacet
  facet normal -0.671577 -0.740935 -0
    outer loop
      vertex 10.6066 10.6066 39
      vertex 9.5159 11.5952 -39
      vertex 10.6066 10.6066 -39
    endloop
  endfacet
  facet normal -0.59566 -0.803237 0
    outer loop
      vertex 8.33355 12.472 -39
      vertex 9.5159 11.5952 39
      vertex 8.33355 12.472 39
    endloop
  endfacet
  facet normal -0.59566 -0.803237 -0
    outer loop
      vertex 9.5159 11.5952 39
      vertex 8.33355 12.472 -39
      vertex 9.5159 11.5952 -39
    endloop
  endfacet
  facet normal -0.146737 -0.989176 0
    outer loop
      vertex 1.47026 14.9278 -39
      vertex 2.92635 14.7118 39
      vertex 1.47026 14.9278 39
    endloop
  endfacet
  facet normal -0.146737 -0.989176 -0
    outer loop
      vertex 2.92635 14.7118 39
      vertex 1.47026 14.9278 -39
      vertex 2.92635 14.7118 -39
    endloop
  endfacet
  facet normal -0.514116 -0.857721 0
    outer loop
      vertex 7.07095 13.2288 -39
      vertex 8.33355 12.472 39
      vertex 7.07095 13.2288 39
    endloop
  endfacet
  facet normal -0.514116 -0.857721 -0
    outer loop
      vertex 8.33355 12.472 39
      vertex 7.07095 13.2288 -39
      vertex 8.33355 12.472 -39
    endloop
  endfacet
  facet normal -0.803237 -0.59566 0
    outer loop
      vertex 12.472 8.33355 -39
      vertex 11.5952 9.5159 39
      vertex 11.5952 9.5159 -39
    endloop
  endfacet
  facet normal -0.803237 -0.59566 0
    outer loop
      vertex 11.5952 9.5159 39
      vertex 12.472 8.33355 -39
      vertex 12.472 8.33355 39
    endloop
  endfacet
  facet normal -0.0490479 -0.998796 0
    outer loop
      vertex 0 15 -39
      vertex 1.47026 14.9278 39
      vertex 0 15 39
    endloop
  endfacet
  facet normal -0.0490479 -0.998796 -0
    outer loop
      vertex 1.47026 14.9278 39
      vertex 0 15 -39
      vertex 1.47026 14.9278 -39
    endloop
  endfacet
  facet normal -0.903983 -0.427569 0
    outer loop
      vertex 13.8582 5.74025 -39
      vertex 13.2288 7.07095 39
      vertex 13.2288 7.07095 -39
    endloop
  endfacet
  facet normal -0.903983 -0.427569 0
    outer loop
      vertex 13.2288 7.07095 39
      vertex 13.8582 5.74025 -39
      vertex 13.8582 5.74025 39
    endloop
  endfacet
  facet normal -0.336883 -0.941547 0
    outer loop
      vertex 4.35427 14.3541 -39
      vertex 5.74025 13.8582 39
      vertex 4.35427 14.3541 39
    endloop
  endfacet
  facet normal -0.336883 -0.941547 -0
    outer loop
      vertex 5.74025 13.8582 39
      vertex 4.35427 14.3541 -39
      vertex 5.74025 13.8582 -39
    endloop
  endfacet
  facet normal -0.336887 -0.941545 0
    outer loop
      vertex 11.6114 38.2776 39
      vertex 15.3073 36.9552 44
      vertex 11.6114 38.2776 44
    endloop
  endfacet
  facet normal -0.336887 -0.941545 -0
    outer loop
      vertex 15.3073 36.9552 44
      vertex 11.6114 38.2776 39
      vertex 15.3073 36.9552 39
    endloop
  endfacet
  facet normal -0.989176 -0.146736 0
    outer loop
      vertex 39.8074 3.92068 39
      vertex 39.2314 7.80361 44
      vertex 39.2314 7.80361 39
    endloop
  endfacet
  facet normal -0.989176 -0.146736 0
    outer loop
      vertex 39.2314 7.80361 44
      vertex 39.8074 3.92068 39
      vertex 39.8074 3.92068 44
    endloop
  endfacet
  facet normal -0.671545 -0.740964 0
    outer loop
      vertex 25.3757 30.9204 39
      vertex 28.2843 28.2843 44
      vertex 25.3757 30.9204 44
    endloop
  endfacet
  facet normal -0.671545 -0.740964 -0
    outer loop
      vertex 28.2843 28.2843 44
      vertex 25.3757 30.9204 39
      vertex 28.2843 28.2843 39
    endloop
  endfacet
  facet normal -0.514095 -0.857733 0
    outer loop
      vertex 18.8559 35.2768 39
      vertex 22.2228 33.2588 44
      vertex 18.8559 35.2768 44
    endloop
  endfacet
  facet normal -0.514095 -0.857733 -0
    outer loop
      vertex 22.2228 33.2588 44
      vertex 18.8559 35.2768 39
      vertex 22.2228 33.2588 39
    endloop
  endfacet
  facet normal -0.427563 -0.903986 0
    outer loop
      vertex 15.3073 36.9552 39
      vertex 18.8559 35.2768 44
      vertex 15.3073 36.9552 44
    endloop
  endfacet
  facet normal -0.427563 -0.903986 -0
    outer loop
      vertex 18.8559 35.2768 44
      vertex 15.3073 36.9552 39
      vertex 18.8559 35.2768 39
    endloop
  endfacet
  facet normal -0.998796 -0.049065 0
    outer loop
      vertex 40 0 39
      vertex 39.8074 3.92068 44
      vertex 39.8074 3.92068 39
    endloop
  endfacet
  facet normal -0.998796 -0.049065 0
    outer loop
      vertex 39.8074 3.92068 44
      vertex 40 0 39
      vertex 40 0 44
    endloop
  endfacet
  facet normal -0.595708 -0.803201 0
    outer loop
      vertex 22.2228 33.2588 39
      vertex 25.3757 30.9204 44
      vertex 22.2228 33.2588 44
    endloop
  endfacet
  facet normal -0.595708 -0.803201 -0
    outer loop
      vertex 25.3757 30.9204 44
      vertex 22.2228 33.2588 39
      vertex 25.3757 30.9204 39
    endloop
  endfacet
  facet normal -0.049065 -0.998796 0
    outer loop
      vertex 0 40 39
      vertex 3.92068 39.8074 44
      vertex 0 40 44
    endloop
  endfacet
  facet normal -0.049065 -0.998796 -0
    outer loop
      vertex 3.92068 39.8074 44
      vertex 0 40 39
      vertex 3.92068 39.8074 39
    endloop
  endfacet
  facet normal -0.941545 -0.336887 0
    outer loop
      vertex 38.2776 11.6114 39
      vertex 36.9552 15.3073 44
      vertex 36.9552 15.3073 39
    endloop
  endfacet
  facet normal -0.941545 -0.336887 0
    outer loop
      vertex 36.9552 15.3073 44
      vertex 38.2776 11.6114 39
      vertex 38.2776 11.6114 44
    endloop
  endfacet
  facet normal -0.970031 -0.24298 0
    outer loop
      vertex 39.2314 7.80361 39
      vertex 38.2776 11.6114 44
      vertex 38.2776 11.6114 39
    endloop
  endfacet
  facet normal -0.970031 -0.24298 0
    outer loop
      vertex 38.2776 11.6114 44
      vertex 39.2314 7.80361 39
      vertex 39.2314 7.80361 44
    endloop
  endfacet
  facet normal -0.857733 -0.514095 0
    outer loop
      vertex 35.2768 18.8559 39
      vertex 33.2588 22.2228 44
      vertex 33.2588 22.2228 39
    endloop
  endfacet
  facet normal -0.857733 -0.514095 0
    outer loop
      vertex 33.2588 22.2228 44
      vertex 35.2768 18.8559 39
      vertex 35.2768 18.8559 44
    endloop
  endfacet
  facet normal -0.903986 -0.427563 0
    outer loop
      vertex 36.9552 15.3073 39
      vertex 35.2768 18.8559 44
      vertex 35.2768 18.8559 39
    endloop
  endfacet
  facet normal -0.903986 -0.427563 0
    outer loop
      vertex 35.2768 18.8559 44
      vertex 36.9552 15.3073 39
      vertex 36.9552 15.3073 44
    endloop
  endfacet
  facet normal -0.24298 -0.970031 0
    outer loop
      vertex 7.80361 39.2314 39
      vertex 11.6114 38.2776 44
      vertex 7.80361 39.2314 44
    endloop
  endfacet
  facet normal -0.24298 -0.970031 -0
    outer loop
      vertex 11.6114 38.2776 44
      vertex 7.80361 39.2314 39
      vertex 11.6114 38.2776 39
    endloop
  endfacet
  facet normal -0.146736 -0.989176 0
    outer loop
      vertex 3.92068 39.8074 39
      vertex 7.80361 39.2314 44
      vertex 3.92068 39.8074 44
    endloop
  endfacet
  facet normal -0.146736 -0.989176 -0
    outer loop
      vertex 7.80361 39.2314 44
      vertex 3.92068 39.8074 39
      vertex 7.80361 39.2314 39
    endloop
  endfacet
  facet normal -0.803201 -0.595708 0
    outer loop
      vertex 33.2588 22.2228 39
      vertex 30.9204 25.3757 44
      vertex 30.9204 25.3757 39
    endloop
  endfacet
  facet normal -0.803201 -0.595708 0
    outer loop
      vertex 30.9204 25.3757 44
      vertex 33.2588 22.2228 39
      vertex 33.2588 22.2228 44
    endloop
  endfacet
  facet normal -0.740964 -0.671545 0
    outer loop
      vertex 30.9204 25.3757 39
      vertex 28.2843 28.2843 44
      vertex 28.2843 28.2843 39
    endloop
  endfacet
  facet normal -0.740964 -0.671545 0
    outer loop
      vertex 28.2843 28.2843 44
      vertex 30.9204 25.3757 39
      vertex 30.9204 25.3757 44
    endloop
  endfacet
  facet normal -0.989176 -0.146736 0
    outer loop
      vertex 39.8074 3.92068 -44
      vertex 39.2314 7.80361 -39
      vertex 39.2314 7.80361 -44
    endloop
  endfacet
  facet normal -0.989176 -0.146736 0
    outer loop
      vertex 39.2314 7.80361 -39
      vertex 39.8074 3.92068 -44
      vertex 39.8074 3.92068 -39
    endloop
  endfacet
  facet normal -0.998796 -0.049065 0
    outer loop
      vertex 40 0 -44
      vertex 39.8074 3.92068 -39
      vertex 39.8074 3.92068 -44
    endloop
  endfacet
  facet normal -0.998796 -0.049065 0
    outer loop
      vertex 39.8074 3.92068 -39
      vertex 40 0 -44
      vertex 40 0 -39
    endloop
  endfacet
  facet normal -0.671545 -0.740964 0
    outer loop
      vertex 25.3757 30.9204 -44
      vertex 28.2843 28.2843 -39
      vertex 25.3757 30.9204 -39
    endloop
  endfacet
  facet normal -0.671545 -0.740964 -0
    outer loop
      vertex 28.2843 28.2843 -39
      vertex 25.3757 30.9204 -44
      vertex 28.2843 28.2843 -44
    endloop
  endfacet
  facet normal -0.740964 -0.671545 0
    outer loop
      vertex 30.9204 25.3757 -44
      vertex 28.2843 28.2843 -39
      vertex 28.2843 28.2843 -44
    endloop
  endfacet
  facet normal -0.740964 -0.671545 0
    outer loop
      vertex 28.2843 28.2843 -39
      vertex 30.9204 25.3757 -44
      vertex 30.9204 25.3757 -39
    endloop
  endfacet
  facet normal -0.427563 -0.903986 0
    outer loop
      vertex 15.3073 36.9552 -44
      vertex 18.8559 35.2768 -39
      vertex 15.3073 36.9552 -39
    endloop
  endfacet
  facet normal -0.427563 -0.903986 -0
    outer loop
      vertex 18.8559 35.2768 -39
      vertex 15.3073 36.9552 -44
      vertex 18.8559 35.2768 -44
    endloop
  endfacet
  facet normal -0.903986 -0.427563 0
    outer loop
      vertex 36.9552 15.3073 -44
      vertex 35.2768 18.8559 -39
      vertex 35.2768 18.8559 -44
    endloop
  endfacet
  facet normal -0.903986 -0.427563 0
    outer loop
      vertex 35.2768 18.8559 -39
      vertex 36.9552 15.3073 -44
      vertex 36.9552 15.3073 -39
    endloop
  endfacet
  facet normal -0.24298 -0.970031 0
    outer loop
      vertex 7.80361 39.2314 -44
      vertex 11.6114 38.2776 -39
      vertex 7.80361 39.2314 -39
    endloop
  endfacet
  facet normal -0.24298 -0.970031 -0
    outer loop
      vertex 11.6114 38.2776 -39
      vertex 7.80361 39.2314 -44
      vertex 11.6114 38.2776 -44
    endloop
  endfacet
  facet normal -0.336887 -0.941545 0
    outer loop
      vertex 11.6114 38.2776 -44
      vertex 15.3073 36.9552 -39
      vertex 11.6114 38.2776 -39
    endloop
  endfacet
  facet normal -0.336887 -0.941545 -0
    outer loop
      vertex 15.3073 36.9552 -39
      vertex 11.6114 38.2776 -44
      vertex 15.3073 36.9552 -44
    endloop
  endfacet
  facet normal -0.941545 -0.336887 0
    outer loop
      vertex 38.2776 11.6114 -44
      vertex 36.9552 15.3073 -39
      vertex 36.9552 15.3073 -44
    endloop
  endfacet
  facet normal -0.941545 -0.336887 0
    outer loop
      vertex 36.9552 15.3073 -39
      vertex 38.2776 11.6114 -44
      vertex 38.2776 11.6114 -39
    endloop
  endfacet
  facet normal -0.595708 -0.803201 0
    outer loop
      vertex 22.2228 33.2588 -44
      vertex 25.3757 30.9204 -39
      vertex 22.2228 33.2588 -39
    endloop
  endfacet
  facet normal -0.595708 -0.803201 -0
    outer loop
      vertex 25.3757 30.9204 -39
      vertex 22.2228 33.2588 -44
      vertex 25.3757 30.9204 -44
    endloop
  endfacet
  facet normal -0.514095 -0.857733 0
    outer loop
      vertex 18.8559 35.2768 -44
      vertex 22.2228 33.2588 -39
      vertex 18.8559 35.2768 -39
    endloop
  endfacet
  facet normal -0.514095 -0.857733 -0
    outer loop
      vertex 22.2228 33.2588 -39
      vertex 18.8559 35.2768 -44
      vertex 22.2228 33.2588 -44
    endloop
  endfacet
  facet normal -0.049065 -0.998796 0
    outer loop
      vertex 0 40 -44
      vertex 3.92068 39.8074 -39
      vertex 0 40 -39
    endloop
  endfacet
  facet normal -0.049065 -0.998796 -0
    outer loop
      vertex 3.92068 39.8074 -39
      vertex 0 40 -44
      vertex 3.92068 39.8074 -44
    endloop
  endfacet
  facet normal -0.857733 -0.514095 0
    outer loop
      vertex 35.2768 18.8559 -44
      vertex 33.2588 22.2228 -39
      vertex 33.2588 22.2228 -44
    endloop
  endfacet
  facet normal -0.857733 -0.514095 0
    outer loop
      vertex 33.2588 22.2228 -39
      vertex 35.2768 18.8559 -44
      vertex 35.2768 18.8559 -39
    endloop
  endfacet
  facet normal -0.970031 -0.24298 0
    outer loop
      vertex 39.2314 7.80361 -44
      vertex 38.2776 11.6114 -39
      vertex 38.2776 11.6114 -44
    endloop
  endfacet
  facet normal -0.970031 -0.24298 0
    outer loop
      vertex 38.2776 11.6114 -39
      vertex 39.2314 7.80361 -44
      vertex 39.2314 7.80361 -39
    endloop
  endfacet
  facet normal -0.803201 -0.595708 0
    outer loop
      vertex 33.2588 22.2228 -44
      vertex 30.9204 25.3757 -39
      vertex 30.9204 25.3757 -44
    endloop
  endfacet
  facet normal -0.803201 -0.595708 0
    outer loop
      vertex 30.9204 25.3757 -39
      vertex 33.2588 22.2228 -44
      vertex 33.2588 22.2228 -39
    endloop
  endfacet
  facet normal -0.146736 -0.989176 0
    outer loop
      vertex 3.92068 39.8074 -44
      vertex 7.80361 39.2314 -39
      vertex 3.92068 39.8074 -39
    endloop
  endfacet
  facet normal -0.146736 -0.989176 -0
    outer loop
      vertex 7.80361 39.2314 -39
      vertex 3.92068 39.8074 -44
      vertex 7.80361 39.2314 -44
    endloop
  endfacet
  facet normal 0.336939 0.941527 -0
    outer loop
      vertex 17.8229 12.8229 0
      vertex 17.1299 13.0709 39
      vertex 17.8229 12.8229 39
    endloop
  endfacet
  facet normal 0.336939 0.941527 0
    outer loop
      vertex 17.1299 13.0709 39
      vertex 17.8229 12.8229 0
      vertex 17.1299 13.0709 0
    endloop
  endfacet
  facet normal 0.336939 0.941527 -0
    outer loop
      vertex 17.8229 12.8229 44
      vertex 17.1299 13.0709 46
      vertex 17.8229 12.8229 46
    endloop
  endfacet
  facet normal 0.336939 0.941527 0
    outer loop
      vertex 17.1299 13.0709 46
      vertex 17.8229 12.8229 44
      vertex 17.1299 13.0709 44
    endloop
  endfacet
  facet normal -0.989177 -0.146726 0
    outer loop
      vertex 27.4639 20.7351 0
      vertex 27.3559 21.4632 39
      vertex 27.3559 21.4632 0
    endloop
  endfacet
  facet normal -0.989177 -0.146726 0
    outer loop
      vertex 27.3559 21.4632 39
      vertex 27.4639 20.7351 0
      vertex 27.4639 20.7351 39
    endloop
  endfacet
  facet normal -0.989177 -0.146726 0
    outer loop
      vertex 27.4639 20.7351 44
      vertex 27.3559 21.4632 46
      vertex 27.3559 21.4632 44
    endloop
  endfacet
  facet normal -0.989177 -0.146726 0
    outer loop
      vertex 27.3559 21.4632 46
      vertex 27.4639 20.7351 44
      vertex 27.4639 20.7351 46
    endloop
  endfacet
  facet normal -0.998796 -0.0490499 0
    outer loop
      vertex 27.5 20 0
      vertex 27.4639 20.7351 39
      vertex 27.4639 20.7351 0
    endloop
  endfacet
  facet normal -0.998796 -0.0490499 0
    outer loop
      vertex 27.4639 20.7351 39
      vertex 27.5 20 0
      vertex 27.5 20 39
    endloop
  endfacet
  facet normal -0.998796 -0.0490499 0
    outer loop
      vertex 27.5 20 44
      vertex 27.4639 20.7351 46
      vertex 27.4639 20.7351 44
    endloop
  endfacet
  facet normal -0.998796 -0.0490499 0
    outer loop
      vertex 27.4639 20.7351 46
      vertex 27.5 20 44
      vertex 27.5 20 46
    endloop
  endfacet
  facet normal -0.970039 -0.242951 0
    outer loop
      vertex 27.3559 21.4632 0
      vertex 27.1771 22.1771 39
      vertex 27.1771 22.1771 0
    endloop
  endfacet
  facet normal -0.970039 -0.242951 0
    outer loop
      vertex 27.1771 22.1771 39
      vertex 27.3559 21.4632 0
      vertex 27.3559 21.4632 39
    endloop
  endfacet
  facet normal -0.970039 -0.242951 0
    outer loop
      vertex 27.3559 21.4632 44
      vertex 27.1771 22.1771 46
      vertex 27.1771 22.1771 44
    endloop
  endfacet
  facet normal -0.970039 -0.242951 0
    outer loop
      vertex 27.1771 22.1771 46
      vertex 27.3559 21.4632 44
      vertex 27.3559 21.4632 46
    endloop
  endfacet
  facet normal 0.989177 -0.146726 0
    outer loop
      vertex 12.5361 20.7351 39
      vertex 12.6441 21.4632 0
      vertex 12.6441 21.4632 39
    endloop
  endfacet
  facet normal 0.989177 -0.146726 0
    outer loop
      vertex 12.6441 21.4632 0
      vertex 12.5361 20.7351 39
      vertex 12.5361 20.7351 0
    endloop
  endfacet
  facet normal 0.989177 -0.146726 0
    outer loop
      vertex 12.5361 20.7351 46
      vertex 12.6441 21.4632 44
      vertex 12.6441 21.4632 46
    endloop
  endfacet
  facet normal 0.989177 -0.146726 0
    outer loop
      vertex 12.6441 21.4632 44
      vertex 12.5361 20.7351 46
      vertex 12.5361 20.7351 44
    endloop
  endfacet
  facet normal 0.242951 0.970039 -0
    outer loop
      vertex 18.5368 12.6441 0
      vertex 17.8229 12.8229 39
      vertex 18.5368 12.6441 39
    endloop
  endfacet
  facet normal 0.242951 0.970039 0
    outer loop
      vertex 17.8229 12.8229 39
      vertex 18.5368 12.6441 0
      vertex 17.8229 12.8229 0
    endloop
  endfacet
  facet normal 0.242951 0.970039 -0
    outer loop
      vertex 18.5368 12.6441 44
      vertex 17.8229 12.8229 46
      vertex 18.5368 12.6441 46
    endloop
  endfacet
  facet normal 0.242951 0.970039 0
    outer loop
      vertex 17.8229 12.8229 46
      vertex 18.5368 12.6441 44
      vertex 17.8229 12.8229 44
    endloop
  endfacet
  facet normal -0.336939 -0.941527 0
    outer loop
      vertex 22.1771 27.1771 0
      vertex 22.8701 26.9291 39
      vertex 22.1771 27.1771 39
    endloop
  endfacet
  facet normal -0.336939 -0.941527 -0
    outer loop
      vertex 22.8701 26.9291 39
      vertex 22.1771 27.1771 0
      vertex 22.8701 26.9291 0
    endloop
  endfacet
  facet normal -0.336939 -0.941527 0
    outer loop
      vertex 22.1771 27.1771 44
      vertex 22.8701 26.9291 46
      vertex 22.1771 27.1771 46
    endloop
  endfacet
  facet normal -0.336939 -0.941527 -0
    outer loop
      vertex 22.8701 26.9291 46
      vertex 22.1771 27.1771 44
      vertex 22.8701 26.9291 44
    endloop
  endfacet
  facet normal 0.514116 -0.857721 0
    outer loop
      vertex 15.8332 26.236 0
      vertex 16.4645 26.6144 39
      vertex 15.8332 26.236 39
    endloop
  endfacet
  facet normal 0.514116 -0.857721 0
    outer loop
      vertex 16.4645 26.6144 39
      vertex 15.8332 26.236 0
      vertex 16.4645 26.6144 0
    endloop
  endfacet
  facet normal 0.514116 -0.857721 0
    outer loop
      vertex 15.8332 26.236 44
      vertex 16.4645 26.6144 46
      vertex 15.8332 26.236 46
    endloop
  endfacet
  facet normal 0.514116 -0.857721 0
    outer loop
      vertex 16.4645 26.6144 46
      vertex 15.8332 26.236 44
      vertex 16.4645 26.6144 44
    endloop
  endfacet
  facet normal 0.903995 0.427543 0
    outer loop
      vertex 13.3856 16.4645 39
      vertex 13.0709 17.1299 0
      vertex 13.0709 17.1299 39
    endloop
  endfacet
  facet normal 0.903995 0.427543 0
    outer loop
      vertex 13.0709 17.1299 0
      vertex 13.3856 16.4645 39
      vertex 13.3856 16.4645 0
    endloop
  endfacet
  facet normal 0.903995 0.427543 0
    outer loop
      vertex 13.3856 16.4645 46
      vertex 13.0709 17.1299 44
      vertex 13.0709 17.1299 46
    endloop
  endfacet
  facet normal 0.903995 0.427543 0
    outer loop
      vertex 13.0709 17.1299 44
      vertex 13.3856 16.4645 46
      vertex 13.3856 16.4645 44
    endloop
  endfacet
  facet normal 0.242951 -0.970039 0
    outer loop
      vertex 17.8229 27.1771 0
      vertex 18.5368 27.3559 39
      vertex 17.8229 27.1771 39
    endloop
  endfacet
  facet normal 0.242951 -0.970039 0
    outer loop
      vertex 18.5368 27.3559 39
      vertex 17.8229 27.1771 0
      vertex 18.5368 27.3559 0
    endloop
  endfacet
  facet normal 0.242951 -0.970039 0
    outer loop
      vertex 17.8229 27.1771 44
      vertex 18.5368 27.3559 46
      vertex 17.8229 27.1771 46
    endloop
  endfacet
  facet normal 0.242951 -0.970039 0
    outer loop
      vertex 18.5368 27.3559 46
      vertex 17.8229 27.1771 44
      vertex 18.5368 27.3559 44
    endloop
  endfacet
  facet normal 0.857721 0.514116 0
    outer loop
      vertex 13.764 15.8332 39
      vertex 13.3856 16.4645 0
      vertex 13.3856 16.4645 39
    endloop
  endfacet
  facet normal 0.857721 0.514116 0
    outer loop
      vertex 13.3856 16.4645 0
      vertex 13.764 15.8332 39
      vertex 13.764 15.8332 0
    endloop
  endfacet
  facet normal 0.857721 0.514116 0
    outer loop
      vertex 13.764 15.8332 46
      vertex 13.3856 16.4645 44
      vertex 13.3856 16.4645 46
    endloop
  endfacet
  facet normal 0.857721 0.514116 0
    outer loop
      vertex 13.3856 16.4645 44
      vertex 13.764 15.8332 46
      vertex 13.764 15.8332 44
    endloop
  endfacet
  facet normal -0.242951 0.970039 0
    outer loop
      vertex 22.1771 12.8229 0
      vertex 21.4632 12.6441 39
      vertex 22.1771 12.8229 39
    endloop
  endfacet
  facet normal -0.242951 0.970039 0
    outer loop
      vertex 21.4632 12.6441 39
      vertex 22.1771 12.8229 0
      vertex 21.4632 12.6441 0
    endloop
  endfacet
  facet normal -0.242951 0.970039 0
    outer loop
      vertex 22.1771 12.8229 44
      vertex 21.4632 12.6441 46
      vertex 22.1771 12.8229 46
    endloop
  endfacet
  facet normal -0.242951 0.970039 0
    outer loop
      vertex 21.4632 12.6441 46
      vertex 22.1771 12.8229 44
      vertex 21.4632 12.6441 44
    endloop
  endfacet
  facet normal 0.595708 0.803201 -0
    outer loop
      vertex 15.8332 13.764 0
      vertex 15.2421 14.2024 39
      vertex 15.8332 13.764 39
    endloop
  endfacet
  facet normal 0.595708 0.803201 0
    outer loop
      vertex 15.2421 14.2024 39
      vertex 15.8332 13.764 0
      vertex 15.2421 14.2024 0
    endloop
  endfacet
  facet normal 0.595708 0.803201 -0
    outer loop
      vertex 15.8332 13.764 44
      vertex 15.2421 14.2024 46
      vertex 15.8332 13.764 46
    endloop
  endfacet
  facet normal 0.595708 0.803201 0
    outer loop
      vertex 15.2421 14.2024 46
      vertex 15.8332 13.764 44
      vertex 15.2421 14.2024 44
    endloop
  endfacet
  facet normal -0.514116 0.857721 0
    outer loop
      vertex 24.1668 13.764 0
      vertex 23.5355 13.3856 39
      vertex 24.1668 13.764 39
    endloop
  endfacet
  facet normal -0.514116 0.857721 0
    outer loop
      vertex 23.5355 13.3856 39
      vertex 24.1668 13.764 0
      vertex 23.5355 13.3856 0
    endloop
  endfacet
  facet normal -0.514116 0.857721 0
    outer loop
      vertex 24.1668 13.764 44
      vertex 23.5355 13.3856 46
      vertex 24.1668 13.764 46
    endloop
  endfacet
  facet normal -0.514116 0.857721 0
    outer loop
      vertex 23.5355 13.3856 46
      vertex 24.1668 13.764 44
      vertex 23.5355 13.3856 44
    endloop
  endfacet
  facet normal -0.803201 0.595708 0
    outer loop
      vertex 25.7976 15.2421 0
      vertex 26.236 15.8332 39
      vertex 26.236 15.8332 0
    endloop
  endfacet
  facet normal -0.803201 0.595708 0
    outer loop
      vertex 26.236 15.8332 39
      vertex 25.7976 15.2421 0
      vertex 25.7976 15.2421 39
    endloop
  endfacet
  facet normal -0.803201 0.595708 0
    outer loop
      vertex 25.7976 15.2421 44
      vertex 26.236 15.8332 46
      vertex 26.236 15.8332 44
    endloop
  endfacet
  facet normal -0.803201 0.595708 0
    outer loop
      vertex 26.236 15.8332 46
      vertex 25.7976 15.2421 44
      vertex 25.7976 15.2421 46
    endloop
  endfacet
  facet normal -0.146726 -0.989177 0
    outer loop
      vertex 20.7351 27.4639 0
      vertex 21.4632 27.3559 39
      vertex 20.7351 27.4639 39
    endloop
  endfacet
  facet normal -0.146726 -0.989177 -0
    outer loop
      vertex 21.4632 27.3559 39
      vertex 20.7351 27.4639 0
      vertex 21.4632 27.3559 0
    endloop
  endfacet
  facet normal -0.146726 -0.989177 0
    outer loop
      vertex 20.7351 27.4639 44
      vertex 21.4632 27.3559 46
      vertex 20.7351 27.4639 46
    endloop
  endfacet
  facet normal -0.146726 -0.989177 -0
    outer loop
      vertex 21.4632 27.3559 46
      vertex 20.7351 27.4639 44
      vertex 21.4632 27.3559 44
    endloop
  endfacet
  facet normal 0.595708 -0.803201 0
    outer loop
      vertex 15.2421 25.7976 0
      vertex 15.8332 26.236 39
      vertex 15.2421 25.7976 39
    endloop
  endfacet
  facet normal 0.595708 -0.803201 0
    outer loop
      vertex 15.8332 26.236 39
      vertex 15.2421 25.7976 0
      vertex 15.8332 26.236 0
    endloop
  endfacet
  facet normal 0.595708 -0.803201 0
    outer loop
      vertex 15.2421 25.7976 44
      vertex 15.8332 26.236 46
      vertex 15.2421 25.7976 46
    endloop
  endfacet
  facet normal 0.595708 -0.803201 0
    outer loop
      vertex 15.8332 26.236 46
      vertex 15.2421 25.7976 44
      vertex 15.8332 26.236 44
    endloop
  endfacet
  facet normal -0.427543 0.903995 0
    outer loop
      vertex 23.5355 13.3856 0
      vertex 22.8701 13.0709 39
      vertex 23.5355 13.3856 39
    endloop
  endfacet
  facet normal -0.427543 0.903995 0
    outer loop
      vertex 22.8701 13.0709 39
      vertex 23.5355 13.3856 0
      vertex 22.8701 13.0709 0
    endloop
  endfacet
  facet normal -0.427543 0.903995 0
    outer loop
      vertex 23.5355 13.3856 44
      vertex 22.8701 13.0709 46
      vertex 23.5355 13.3856 46
    endloop
  endfacet
  facet normal -0.427543 0.903995 0
    outer loop
      vertex 22.8701 13.0709 46
      vertex 23.5355 13.3856 44
      vertex 22.8701 13.0709 44
    endloop
  endfacet
  facet normal 0.803201 -0.595708 0
    outer loop
      vertex 13.764 24.1668 39
      vertex 14.2024 24.7579 0
      vertex 14.2024 24.7579 39
    endloop
  endfacet
  facet normal 0.803201 -0.595708 0
    outer loop
      vertex 14.2024 24.7579 0
      vertex 13.764 24.1668 39
      vertex 13.764 24.1668 0
    endloop
  endfacet
  facet normal 0.803201 -0.595708 0
    outer loop
      vertex 13.764 24.1668 46
      vertex 14.2024 24.7579 44
      vertex 14.2024 24.7579 46
    endloop
  endfacet
  facet normal 0.803201 -0.595708 0
    outer loop
      vertex 14.2024 24.7579 44
      vertex 13.764 24.1668 46
      vertex 13.764 24.1668 44
    endloop
  endfacet
  facet normal -0.989177 0.146726 0
    outer loop
      vertex 27.3559 18.5368 0
      vertex 27.4639 19.2649 39
      vertex 27.4639 19.2649 0
    endloop
  endfacet
  facet normal -0.989177 0.146726 0
    outer loop
      vertex 27.4639 19.2649 39
      vertex 27.3559 18.5368 0
      vertex 27.3559 18.5368 39
    endloop
  endfacet
  facet normal -0.989177 0.146726 0
    outer loop
      vertex 27.3559 18.5368 44
      vertex 27.4639 19.2649 46
      vertex 27.4639 19.2649 44
    endloop
  endfacet
  facet normal -0.989177 0.146726 0
    outer loop
      vertex 27.4639 19.2649 46
      vertex 27.3559 18.5368 44
      vertex 27.3559 18.5368 46
    endloop
  endfacet
  facet normal 0.941527 -0.336939 0
    outer loop
      vertex 12.8229 22.1771 39
      vertex 13.0709 22.8701 0
      vertex 13.0709 22.8701 39
    endloop
  endfacet
  facet normal 0.941527 -0.336939 0
    outer loop
      vertex 13.0709 22.8701 0
      vertex 12.8229 22.1771 39
      vertex 12.8229 22.1771 0
    endloop
  endfacet
  facet normal 0.941527 -0.336939 0
    outer loop
      vertex 12.8229 22.1771 46
      vertex 13.0709 22.8701 44
      vertex 13.0709 22.8701 46
    endloop
  endfacet
  facet normal 0.941527 -0.336939 0
    outer loop
      vertex 13.0709 22.8701 44
      vertex 12.8229 22.1771 46
      vertex 12.8229 22.1771 44
    endloop
  endfacet
  facet normal -0.427543 -0.903995 0
    outer loop
      vertex 22.8701 26.9291 0
      vertex 23.5355 26.6144 39
      vertex 22.8701 26.9291 39
    endloop
  endfacet
  facet normal -0.427543 -0.903995 -0
    outer loop
      vertex 23.5355 26.6144 39
      vertex 22.8701 26.9291 0
      vertex 23.5355 26.6144 0
    endloop
  endfacet
  facet normal -0.427543 -0.903995 0
    outer loop
      vertex 22.8701 26.9291 44
      vertex 23.5355 26.6144 46
      vertex 22.8701 26.9291 46
    endloop
  endfacet
  facet normal -0.427543 -0.903995 -0
    outer loop
      vertex 23.5355 26.6144 46
      vertex 22.8701 26.9291 44
      vertex 23.5355 26.6144 44
    endloop
  endfacet
  facet normal 0.941527 0.336939 0
    outer loop
      vertex 13.0709 17.1299 39
      vertex 12.8229 17.8229 0
      vertex 12.8229 17.8229 39
    endloop
  endfacet
  facet normal 0.941527 0.336939 0
    outer loop
      vertex 12.8229 17.8229 0
      vertex 13.0709 17.1299 39
      vertex 13.0709 17.1299 0
    endloop
  endfacet
  facet normal 0.941527 0.336939 0
    outer loop
      vertex 13.0709 17.1299 46
      vertex 12.8229 17.8229 44
      vertex 12.8229 17.8229 46
    endloop
  endfacet
  facet normal 0.941527 0.336939 0
    outer loop
      vertex 12.8229 17.8229 44
      vertex 13.0709 17.1299 46
      vertex 13.0709 17.1299 44
    endloop
  endfacet
  facet normal -0.970039 0.242951 0
    outer loop
      vertex 27.1771 17.8229 0
      vertex 27.3559 18.5368 39
      vertex 27.3559 18.5368 0
    endloop
  endfacet
  facet normal -0.970039 0.242951 0
    outer loop
      vertex 27.3559 18.5368 39
      vertex 27.1771 17.8229 0
      vertex 27.1771 17.8229 39
    endloop
  endfacet
  facet normal -0.970039 0.242951 0
    outer loop
      vertex 27.1771 17.8229 44
      vertex 27.3559 18.5368 46
      vertex 27.3559 18.5368 44
    endloop
  endfacet
  facet normal -0.970039 0.242951 0
    outer loop
      vertex 27.3559 18.5368 46
      vertex 27.1771 17.8229 44
      vertex 27.1771 17.8229 46
    endloop
  endfacet
  facet normal 0.0490499 -0.998796 0
    outer loop
      vertex 19.2649 27.4639 0
      vertex 20 27.5 39
      vertex 19.2649 27.4639 39
    endloop
  endfacet
  facet normal 0.0490499 -0.998796 0
    outer loop
      vertex 20 27.5 39
      vertex 19.2649 27.4639 0
      vertex 20 27.5 0
    endloop
  endfacet
  facet normal 0.0490499 -0.998796 0
    outer loop
      vertex 19.2649 27.4639 44
      vertex 20 27.5 46
      vertex 19.2649 27.4639 46
    endloop
  endfacet
  facet normal 0.0490499 -0.998796 0
    outer loop
      vertex 20 27.5 46
      vertex 19.2649 27.4639 44
      vertex 20 27.5 44
    endloop
  endfacet
  facet normal -0.671543 -0.740966 0
    outer loop
      vertex 24.7579 25.7976 0
      vertex 25.3033 25.3033 39
      vertex 24.7579 25.7976 39
    endloop
  endfacet
  facet normal -0.671543 -0.740966 -0
    outer loop
      vertex 25.3033 25.3033 39
      vertex 24.7579 25.7976 0
      vertex 25.3033 25.3033 0
    endloop
  endfacet
  facet normal -0.671543 -0.740966 0
    outer loop
      vertex 24.7579 25.7976 44
      vertex 25.3033 25.3033 46
      vertex 24.7579 25.7976 46
    endloop
  endfacet
  facet normal -0.671543 -0.740966 -0
    outer loop
      vertex 25.3033 25.3033 46
      vertex 24.7579 25.7976 44
      vertex 25.3033 25.3033 44
    endloop
  endfacet
  facet normal 0.427543 -0.903995 0
    outer loop
      vertex 16.4645 26.6144 0
      vertex 17.1299 26.9291 39
      vertex 16.4645 26.6144 39
    endloop
  endfacet
  facet normal 0.427543 -0.903995 0
    outer loop
      vertex 17.1299 26.9291 39
      vertex 16.4645 26.6144 0
      vertex 17.1299 26.9291 0
    endloop
  endfacet
  facet normal 0.427543 -0.903995 0
    outer loop
      vertex 16.4645 26.6144 44
      vertex 17.1299 26.9291 46
      vertex 16.4645 26.6144 46
    endloop
  endfacet
  facet normal 0.427543 -0.903995 0
    outer loop
      vertex 17.1299 26.9291 46
      vertex 16.4645 26.6144 44
      vertex 17.1299 26.9291 44
    endloop
  endfacet
  facet normal 0.671543 -0.740966 0
    outer loop
      vertex 14.6967 25.3033 0
      vertex 15.2421 25.7976 39
      vertex 14.6967 25.3033 39
    endloop
  endfacet
  facet normal 0.671543 -0.740966 0
    outer loop
      vertex 15.2421 25.7976 39
      vertex 14.6967 25.3033 0
      vertex 15.2421 25.7976 0
    endloop
  endfacet
  facet normal 0.671543 -0.740966 0
    outer loop
      vertex 14.6967 25.3033 44
      vertex 15.2421 25.7976 46
      vertex 14.6967 25.3033 46
    endloop
  endfacet
  facet normal 0.671543 -0.740966 0
    outer loop
      vertex 15.2421 25.7976 46
      vertex 14.6967 25.3033 44
      vertex 15.2421 25.7976 44
    endloop
  endfacet
  facet normal -0.336939 0.941527 0
    outer loop
      vertex 22.8701 13.0709 0
      vertex 22.1771 12.8229 39
      vertex 22.8701 13.0709 39
    endloop
  endfacet
  facet normal -0.336939 0.941527 0
    outer loop
      vertex 22.1771 12.8229 39
      vertex 22.8701 13.0709 0
      vertex 22.1771 12.8229 0
    endloop
  endfacet
  facet normal -0.336939 0.941527 0
    outer loop
      vertex 22.8701 13.0709 44
      vertex 22.1771 12.8229 46
      vertex 22.8701 13.0709 46
    endloop
  endfacet
  facet normal -0.336939 0.941527 0
    outer loop
      vertex 22.1771 12.8229 46
      vertex 22.8701 13.0709 44
      vertex 22.1771 12.8229 44
    endloop
  endfacet
  facet normal 0.336939 -0.941527 0
    outer loop
      vertex 17.1299 26.9291 0
      vertex 17.8229 27.1771 39
      vertex 17.1299 26.9291 39
    endloop
  endfacet
  facet normal 0.336939 -0.941527 0
    outer loop
      vertex 17.8229 27.1771 39
      vertex 17.1299 26.9291 0
      vertex 17.8229 27.1771 0
    endloop
  endfacet
  facet normal 0.336939 -0.941527 0
    outer loop
      vertex 17.1299 26.9291 44
      vertex 17.8229 27.1771 46
      vertex 17.1299 26.9291 46
    endloop
  endfacet
  facet normal 0.336939 -0.941527 0
    outer loop
      vertex 17.8229 27.1771 46
      vertex 17.1299 26.9291 44
      vertex 17.8229 27.1771 44
    endloop
  endfacet
  facet normal -0.803201 -0.595708 0
    outer loop
      vertex 26.236 24.1668 0
      vertex 25.7976 24.7579 39
      vertex 25.7976 24.7579 0
    endloop
  endfacet
  facet normal -0.803201 -0.595708 0
    outer loop
      vertex 25.7976 24.7579 39
      vertex 26.236 24.1668 0
      vertex 26.236 24.1668 39
    endloop
  endfacet
  facet normal -0.803201 -0.595708 0
    outer loop
      vertex 26.236 24.1668 44
      vertex 25.7976 24.7579 46
      vertex 25.7976 24.7579 44
    endloop
  endfacet
  facet normal -0.803201 -0.595708 0
    outer loop
      vertex 25.7976 24.7579 46
      vertex 26.236 24.1668 44
      vertex 26.236 24.1668 46
    endloop
  endfacet
  facet normal 0.857721 -0.514116 0
    outer loop
      vertex 13.3856 23.5355 39
      vertex 13.764 24.1668 0
      vertex 13.764 24.1668 39
    endloop
  endfacet
  facet normal 0.857721 -0.514116 0
    outer loop
      vertex 13.764 24.1668 0
      vertex 13.3856 23.5355 39
      vertex 13.3856 23.5355 0
    endloop
  endfacet
  facet normal 0.857721 -0.514116 0
    outer loop
      vertex 13.3856 23.5355 46
      vertex 13.764 24.1668 44
      vertex 13.764 24.1668 46
    endloop
  endfacet
  facet normal 0.857721 -0.514116 0
    outer loop
      vertex 13.764 24.1668 44
      vertex 13.3856 23.5355 46
      vertex 13.3856 23.5355 44
    endloop
  endfacet
  facet normal -0.998796 0.0490499 0
    outer loop
      vertex 27.4639 19.2649 0
      vertex 27.5 20 39
      vertex 27.5 20 0
    endloop
  endfacet
  facet normal -0.998796 0.0490499 0
    outer loop
      vertex 27.5 20 39
      vertex 27.4639 19.2649 0
      vertex 27.4639 19.2649 39
    endloop
  endfacet
  facet normal -0.998796 0.0490499 0
    outer loop
      vertex 27.4639 19.2649 44
      vertex 27.5 20 46
      vertex 27.5 20 44
    endloop
  endfacet
  facet normal -0.998796 0.0490499 0
    outer loop
      vertex 27.5 20 46
      vertex 27.4639 19.2649 44
      vertex 27.4639 19.2649 46
    endloop
  endfacet
  facet normal -0.903995 0.427543 0
    outer loop
      vertex 26.6144 16.4645 0
      vertex 26.9291 17.1299 39
      vertex 26.9291 17.1299 0
    endloop
  endfacet
  facet normal -0.903995 0.427543 0
    outer loop
      vertex 26.9291 17.1299 39
      vertex 26.6144 16.4645 0
      vertex 26.6144 16.4645 39
    endloop
  endfacet
  facet normal -0.903995 0.427543 0
    outer loop
      vertex 26.6144 16.4645 44
      vertex 26.9291 17.1299 46
      vertex 26.9291 17.1299 44
    endloop
  endfacet
  facet normal -0.903995 0.427543 0
    outer loop
      vertex 26.9291 17.1299 46
      vertex 26.6144 16.4645 44
      vertex 26.6144 16.4645 46
    endloop
  endfacet
  facet normal -0.857721 -0.514116 0
    outer loop
      vertex 26.6144 23.5355 0
      vertex 26.236 24.1668 39
      vertex 26.236 24.1668 0
    endloop
  endfacet
  facet normal -0.857721 -0.514116 0
    outer loop
      vertex 26.236 24.1668 39
      vertex 26.6144 23.5355 0
      vertex 26.6144 23.5355 39
    endloop
  endfacet
  facet normal -0.857721 -0.514116 0
    outer loop
      vertex 26.6144 23.5355 44
      vertex 26.236 24.1668 46
      vertex 26.236 24.1668 44
    endloop
  endfacet
  facet normal -0.857721 -0.514116 0
    outer loop
      vertex 26.236 24.1668 46
      vertex 26.6144 23.5355 44
      vertex 26.6144 23.5355 46
    endloop
  endfacet
  facet normal 0.671543 0.740966 -0
    outer loop
      vertex 15.2421 14.2024 0
      vertex 14.6967 14.6967 39
      vertex 15.2421 14.2024 39
    endloop
  endfacet
  facet normal 0.671543 0.740966 0
    outer loop
      vertex 14.6967 14.6967 39
      vertex 15.2421 14.2024 0
      vertex 14.6967 14.6967 0
    endloop
  endfacet
  facet normal 0.671543 0.740966 -0
    outer loop
      vertex 15.2421 14.2024 44
      vertex 14.6967 14.6967 46
      vertex 15.2421 14.2024 46
    endloop
  endfacet
  facet normal 0.671543 0.740966 0
    outer loop
      vertex 14.6967 14.6967 46
      vertex 15.2421 14.2024 44
      vertex 14.6967 14.6967 44
    endloop
  endfacet
  facet normal -0.595708 -0.803201 0
    outer loop
      vertex 24.1668 26.236 0
      vertex 24.7579 25.7976 39
      vertex 24.1668 26.236 39
    endloop
  endfacet
  facet normal -0.595708 -0.803201 -0
    outer loop
      vertex 24.7579 25.7976 39
      vertex 24.1668 26.236 0
      vertex 24.7579 25.7976 0
    endloop
  endfacet
  facet normal -0.595708 -0.803201 0
    outer loop
      vertex 24.1668 26.236 44
      vertex 24.7579 25.7976 46
      vertex 24.1668 26.236 46
    endloop
  endfacet
  facet normal -0.595708 -0.803201 -0
    outer loop
      vertex 24.7579 25.7976 46
      vertex 24.1668 26.236 44
      vertex 24.7579 25.7976 44
    endloop
  endfacet
  facet normal 0.514116 0.857721 -0
    outer loop
      vertex 16.4645 13.3856 0
      vertex 15.8332 13.764 39
      vertex 16.4645 13.3856 39
    endloop
  endfacet
  facet normal 0.514116 0.857721 0
    outer loop
      vertex 15.8332 13.764 39
      vertex 16.4645 13.3856 0
      vertex 15.8332 13.764 0
    endloop
  endfacet
  facet normal 0.514116 0.857721 -0
    outer loop
      vertex 16.4645 13.3856 44
      vertex 15.8332 13.764 46
      vertex 16.4645 13.3856 46
    endloop
  endfacet
  facet normal 0.514116 0.857721 0
    outer loop
      vertex 15.8332 13.764 46
      vertex 16.4645 13.3856 44
      vertex 15.8332 13.764 44
    endloop
  endfacet
  facet normal -0.514116 -0.857721 0
    outer loop
      vertex 23.5355 26.6144 0
      vertex 24.1668 26.236 39
      vertex 23.5355 26.6144 39
    endloop
  endfacet
  facet normal -0.514116 -0.857721 -0
    outer loop
      vertex 24.1668 26.236 39
      vertex 23.5355 26.6144 0
      vertex 24.1668 26.236 0
    endloop
  endfacet
  facet normal -0.514116 -0.857721 0
    outer loop
      vertex 23.5355 26.6144 44
      vertex 24.1668 26.236 46
      vertex 23.5355 26.6144 46
    endloop
  endfacet
  facet normal -0.514116 -0.857721 -0
    outer loop
      vertex 24.1668 26.236 46
      vertex 23.5355 26.6144 44
      vertex 24.1668 26.236 44
    endloop
  endfacet
  facet normal -0.146726 0.989177 0
    outer loop
      vertex 21.4632 12.6441 0
      vertex 20.7351 12.5361 39
      vertex 21.4632 12.6441 39
    endloop
  endfacet
  facet normal -0.146726 0.989177 0
    outer loop
      vertex 20.7351 12.5361 39
      vertex 21.4632 12.6441 0
      vertex 20.7351 12.5361 0
    endloop
  endfacet
  facet normal -0.146726 0.989177 0
    outer loop
      vertex 21.4632 12.6441 44
      vertex 20.7351 12.5361 46
      vertex 21.4632 12.6441 46
    endloop
  endfacet
  facet normal -0.146726 0.989177 0
    outer loop
      vertex 20.7351 12.5361 46
      vertex 21.4632 12.6441 44
      vertex 20.7351 12.5361 44
    endloop
  endfacet
  facet normal -0.941527 -0.336939 0
    outer loop
      vertex 27.1771 22.1771 0
      vertex 26.9291 22.8701 39
      vertex 26.9291 22.8701 0
    endloop
  endfacet
  facet normal -0.941527 -0.336939 0
    outer loop
      vertex 26.9291 22.8701 39
      vertex 27.1771 22.1771 0
      vertex 27.1771 22.1771 39
    endloop
  endfacet
  facet normal -0.941527 -0.336939 0
    outer loop
      vertex 27.1771 22.1771 44
      vertex 26.9291 22.8701 46
      vertex 26.9291 22.8701 44
    endloop
  endfacet
  facet normal -0.941527 -0.336939 0
    outer loop
      vertex 26.9291 22.8701 46
      vertex 27.1771 22.1771 44
      vertex 27.1771 22.1771 46
    endloop
  endfacet
  facet normal -0.857721 0.514116 0
    outer loop
      vertex 26.236 15.8332 0
      vertex 26.6144 16.4645 39
      vertex 26.6144 16.4645 0
    endloop
  endfacet
  facet normal -0.857721 0.514116 0
    outer loop
      vertex 26.6144 16.4645 39
      vertex 26.236 15.8332 0
      vertex 26.236 15.8332 39
    endloop
  endfacet
  facet normal -0.857721 0.514116 0
    outer loop
      vertex 26.236 15.8332 44
      vertex 26.6144 16.4645 46
      vertex 26.6144 16.4645 44
    endloop
  endfacet
  facet normal -0.857721 0.514116 0
    outer loop
      vertex 26.6144 16.4645 46
      vertex 26.236 15.8332 44
      vertex 26.236 15.8332 46
    endloop
  endfacet
  facet normal 0.998796 0.0490499 0
    outer loop
      vertex 12.5361 19.2649 39
      vertex 12.5 20 0
      vertex 12.5 20 39
    endloop
  endfacet
  facet normal 0.998796 0.0490499 0
    outer loop
      vertex 12.5 20 0
      vertex 12.5361 19.2649 39
      vertex 12.5361 19.2649 0
    endloop
  endfacet
  facet normal 0.998796 0.0490499 0
    outer loop
      vertex 12.5361 19.2649 46
      vertex 12.5 20 44
      vertex 12.5 20 46
    endloop
  endfacet
  facet normal 0.998796 0.0490499 0
    outer loop
      vertex 12.5 20 44
      vertex 12.5361 19.2649 46
      vertex 12.5361 19.2649 44
    endloop
  endfacet
  facet normal -0.941527 0.336939 0
    outer loop
      vertex 26.9291 17.1299 0
      vertex 27.1771 17.8229 39
      vertex 27.1771 17.8229 0
    endloop
  endfacet
  facet normal -0.941527 0.336939 0
    outer loop
      vertex 27.1771 17.8229 39
      vertex 26.9291 17.1299 0
      vertex 26.9291 17.1299 39
    endloop
  endfacet
  facet normal -0.941527 0.336939 0
    outer loop
      vertex 26.9291 17.1299 44
      vertex 27.1771 17.8229 46
      vertex 27.1771 17.8229 44
    endloop
  endfacet
  facet normal -0.941527 0.336939 0
    outer loop
      vertex 27.1771 17.8229 46
      vertex 26.9291 17.1299 44
      vertex 26.9291 17.1299 46
    endloop
  endfacet
  facet normal -0.740966 -0.671543 0
    outer loop
      vertex 25.7976 24.7579 0
      vertex 25.3033 25.3033 39
      vertex 25.3033 25.3033 0
    endloop
  endfacet
  facet normal -0.740966 -0.671543 0
    outer loop
      vertex 25.3033 25.3033 39
      vertex 25.7976 24.7579 0
      vertex 25.7976 24.7579 39
    endloop
  endfacet
  facet normal -0.740966 -0.671543 0
    outer loop
      vertex 25.7976 24.7579 44
      vertex 25.3033 25.3033 46
      vertex 25.3033 25.3033 44
    endloop
  endfacet
  facet normal -0.740966 -0.671543 0
    outer loop
      vertex 25.3033 25.3033 46
      vertex 25.7976 24.7579 44
      vertex 25.7976 24.7579 46
    endloop
  endfacet
  facet normal -0.0490499 -0.998796 0
    outer loop
      vertex 20 27.5 0
      vertex 20.7351 27.4639 39
      vertex 20 27.5 39
    endloop
  endfacet
  facet normal -0.0490499 -0.998796 -0
    outer loop
      vertex 20.7351 27.4639 39
      vertex 20 27.5 0
      vertex 20.7351 27.4639 0
    endloop
  endfacet
  facet normal -0.0490499 -0.998796 0
    outer loop
      vertex 20 27.5 44
      vertex 20.7351 27.4639 46
      vertex 20 27.5 46
    endloop
  endfacet
  facet normal -0.0490499 -0.998796 -0
    outer loop
      vertex 20.7351 27.4639 46
      vertex 20 27.5 44
      vertex 20.7351 27.4639 44
    endloop
  endfacet
  facet normal -0.903995 -0.427543 0
    outer loop
      vertex 26.9291 22.8701 0
      vertex 26.6144 23.5355 39
      vertex 26.6144 23.5355 0
    endloop
  endfacet
  facet normal -0.903995 -0.427543 0
    outer loop
      vertex 26.6144 23.5355 39
      vertex 26.9291 22.8701 0
      vertex 26.9291 22.8701 39
    endloop
  endfacet
  facet normal -0.903995 -0.427543 0
    outer loop
      vertex 26.9291 22.8701 44
      vertex 26.6144 23.5355 46
      vertex 26.6144 23.5355 44
    endloop
  endfacet
  facet normal -0.903995 -0.427543 0
    outer loop
      vertex 26.6144 23.5355 46
      vertex 26.9291 22.8701 44
      vertex 26.9291 22.8701 46
    endloop
  endfacet
  facet normal 0.146726 0.989177 -0
    outer loop
      vertex 19.2649 12.5361 0
      vertex 18.5368 12.6441 39
      vertex 19.2649 12.5361 39
    endloop
  endfacet
  facet normal 0.146726 0.989177 0
    outer loop
      vertex 18.5368 12.6441 39
      vertex 19.2649 12.5361 0
      vertex 18.5368 12.6441 0
    endloop
  endfacet
  facet normal 0.146726 0.989177 -0
    outer loop
      vertex 19.2649 12.5361 44
      vertex 18.5368 12.6441 46
      vertex 19.2649 12.5361 46
    endloop
  endfacet
  facet normal 0.146726 0.989177 0
    outer loop
      vertex 18.5368 12.6441 46
      vertex 19.2649 12.5361 44
      vertex 18.5368 12.6441 44
    endloop
  endfacet
  facet normal -0.671543 0.740966 0
    outer loop
      vertex 25.3033 14.6967 0
      vertex 24.7579 14.2024 39
      vertex 25.3033 14.6967 39
    endloop
  endfacet
  facet normal -0.671543 0.740966 0
    outer loop
      vertex 24.7579 14.2024 39
      vertex 25.3033 14.6967 0
      vertex 24.7579 14.2024 0
    endloop
  endfacet
  facet normal -0.671543 0.740966 0
    outer loop
      vertex 25.3033 14.6967 44
      vertex 24.7579 14.2024 46
      vertex 25.3033 14.6967 46
    endloop
  endfacet
  facet normal -0.671543 0.740966 0
    outer loop
      vertex 24.7579 14.2024 46
      vertex 25.3033 14.6967 44
      vertex 24.7579 14.2024 44
    endloop
  endfacet
  facet normal 0.0490499 0.998796 -0
    outer loop
      vertex 20 12.5 0
      vertex 19.2649 12.5361 39
      vertex 20 12.5 39
    endloop
  endfacet
  facet normal 0.0490499 0.998796 0
    outer loop
      vertex 19.2649 12.5361 39
      vertex 20 12.5 0
      vertex 19.2649 12.5361 0
    endloop
  endfacet
  facet normal 0.0490499 0.998796 -0
    outer loop
      vertex 20 12.5 44
      vertex 19.2649 12.5361 46
      vertex 20 12.5 46
    endloop
  endfacet
  facet normal 0.0490499 0.998796 0
    outer loop
      vertex 19.2649 12.5361 46
      vertex 20 12.5 44
      vertex 19.2649 12.5361 44
    endloop
  endfacet
  facet normal 0.740966 -0.671543 0
    outer loop
      vertex 14.2024 24.7579 39
      vertex 14.6967 25.3033 0
      vertex 14.6967 25.3033 39
    endloop
  endfacet
  facet normal 0.740966 -0.671543 0
    outer loop
      vertex 14.6967 25.3033 0
      vertex 14.2024 24.7579 39
      vertex 14.2024 24.7579 0
    endloop
  endfacet
  facet normal 0.740966 -0.671543 0
    outer loop
      vertex 14.2024 24.7579 46
      vertex 14.6967 25.3033 44
      vertex 14.6967 25.3033 46
    endloop
  endfacet
  facet normal 0.740966 -0.671543 0
    outer loop
      vertex 14.6967 25.3033 44
      vertex 14.2024 24.7579 46
      vertex 14.2024 24.7579 44
    endloop
  endfacet
  facet normal 0.146726 -0.989177 0
    outer loop
      vertex 18.5368 27.3559 0
      vertex 19.2649 27.4639 39
      vertex 18.5368 27.3559 39
    endloop
  endfacet
  facet normal 0.146726 -0.989177 0
    outer loop
      vertex 19.2649 27.4639 39
      vertex 18.5368 27.3559 0
      vertex 19.2649 27.4639 0
    endloop
  endfacet
  facet normal 0.146726 -0.989177 0
    outer loop
      vertex 18.5368 27.3559 44
      vertex 19.2649 27.4639 46
      vertex 18.5368 27.3559 46
    endloop
  endfacet
  facet normal 0.146726 -0.989177 0
    outer loop
      vertex 19.2649 27.4639 46
      vertex 18.5368 27.3559 44
      vertex 19.2649 27.4639 44
    endloop
  endfacet
  facet normal 0.903995 -0.427543 0
    outer loop
      vertex 13.0709 22.8701 39
      vertex 13.3856 23.5355 0
      vertex 13.3856 23.5355 39
    endloop
  endfacet
  facet normal 0.903995 -0.427543 0
    outer loop
      vertex 13.3856 23.5355 0
      vertex 13.0709 22.8701 39
      vertex 13.0709 22.8701 0
    endloop
  endfacet
  facet normal 0.903995 -0.427543 0
    outer loop
      vertex 13.0709 22.8701 46
      vertex 13.3856 23.5355 44
      vertex 13.3856 23.5355 46
    endloop
  endfacet
  facet normal 0.903995 -0.427543 0
    outer loop
      vertex 13.3856 23.5355 44
      vertex 13.0709 22.8701 46
      vertex 13.0709 22.8701 44
    endloop
  endfacet
  facet normal 0.970039 -0.242951 0
    outer loop
      vertex 12.6441 21.4632 39
      vertex 12.8229 22.1771 0
      vertex 12.8229 22.1771 39
    endloop
  endfacet
  facet normal 0.970039 -0.242951 0
    outer loop
      vertex 12.8229 22.1771 0
      vertex 12.6441 21.4632 39
      vertex 12.6441 21.4632 0
    endloop
  endfacet
  facet normal 0.970039 -0.242951 0
    outer loop
      vertex 12.6441 21.4632 46
      vertex 12.8229 22.1771 44
      vertex 12.8229 22.1771 46
    endloop
  endfacet
  facet normal 0.970039 -0.242951 0
    outer loop
      vertex 12.8229 22.1771 44
      vertex 12.6441 21.4632 46
      vertex 12.6441 21.4632 44
    endloop
  endfacet
  facet normal -0.242951 -0.970039 0
    outer loop
      vertex 21.4632 27.3559 0
      vertex 22.1771 27.1771 39
      vertex 21.4632 27.3559 39
    endloop
  endfacet
  facet normal -0.242951 -0.970039 -0
    outer loop
      vertex 22.1771 27.1771 39
      vertex 21.4632 27.3559 0
      vertex 22.1771 27.1771 0
    endloop
  endfacet
  facet normal -0.242951 -0.970039 0
    outer loop
      vertex 21.4632 27.3559 44
      vertex 22.1771 27.1771 46
      vertex 21.4632 27.3559 46
    endloop
  endfacet
  facet normal -0.242951 -0.970039 -0
    outer loop
      vertex 22.1771 27.1771 46
      vertex 21.4632 27.3559 44
      vertex 22.1771 27.1771 44
    endloop
  endfacet
  facet normal 0.970039 0.242951 0
    outer loop
      vertex 12.8229 17.8229 39
      vertex 12.6441 18.5368 0
      vertex 12.6441 18.5368 39
    endloop
  endfacet
  facet normal 0.970039 0.242951 0
    outer loop
      vertex 12.6441 18.5368 0
      vertex 12.8229 17.8229 39
      vertex 12.8229 17.8229 0
    endloop
  endfacet
  facet normal 0.970039 0.242951 0
    outer loop
      vertex 12.8229 17.8229 46
      vertex 12.6441 18.5368 44
      vertex 12.6441 18.5368 46
    endloop
  endfacet
  facet normal 0.970039 0.242951 0
    outer loop
      vertex 12.6441 18.5368 44
      vertex 12.8229 17.8229 46
      vertex 12.8229 17.8229 44
    endloop
  endfacet
  facet normal 0.427543 0.903995 -0
    outer loop
      vertex 17.1299 13.0709 0
      vertex 16.4645 13.3856 39
      vertex 17.1299 13.0709 39
    endloop
  endfacet
  facet normal 0.427543 0.903995 0
    outer loop
      vertex 16.4645 13.3856 39
      vertex 17.1299 13.0709 0
      vertex 16.4645 13.3856 0
    endloop
  endfacet
  facet normal 0.427543 0.903995 -0
    outer loop
      vertex 17.1299 13.0709 44
      vertex 16.4645 13.3856 46
      vertex 17.1299 13.0709 46
    endloop
  endfacet
  facet normal 0.427543 0.903995 0
    outer loop
      vertex 16.4645 13.3856 46
      vertex 17.1299 13.0709 44
      vertex 16.4645 13.3856 44
    endloop
  endfacet
  facet normal 0.740966 0.671543 0
    outer loop
      vertex 14.6967 14.6967 39
      vertex 14.2024 15.2421 0
      vertex 14.2024 15.2421 39
    endloop
  endfacet
  facet normal 0.740966 0.671543 0
    outer loop
      vertex 14.2024 15.2421 0
      vertex 14.6967 14.6967 39
      vertex 14.6967 14.6967 0
    endloop
  endfacet
  facet normal 0.740966 0.671543 0
    outer loop
      vertex 14.6967 14.6967 46
      vertex 14.2024 15.2421 44
      vertex 14.2024 15.2421 46
    endloop
  endfacet
  facet normal 0.740966 0.671543 0
    outer loop
      vertex 14.2024 15.2421 44
      vertex 14.6967 14.6967 46
      vertex 14.6967 14.6967 44
    endloop
  endfacet
  facet normal -0.0490499 0.998796 0
    outer loop
      vertex 20.7351 12.5361 0
      vertex 20 12.5 39
      vertex 20.7351 12.5361 39
    endloop
  endfacet
  facet normal -0.0490499 0.998796 0
    outer loop
      vertex 20 12.5 39
      vertex 20.7351 12.5361 0
      vertex 20 12.5 0
    endloop
  endfacet
  facet normal -0.0490499 0.998796 0
    outer loop
      vertex 20.7351 12.5361 44
      vertex 20 12.5 46
      vertex 20.7351 12.5361 46
    endloop
  endfacet
  facet normal -0.0490499 0.998796 0
    outer loop
      vertex 20 12.5 46
      vertex 20.7351 12.5361 44
      vertex 20 12.5 44
    endloop
  endfacet
  facet normal 0.989177 0.146726 0
    outer loop
      vertex 12.6441 18.5368 39
      vertex 12.5361 19.2649 0
      vertex 12.5361 19.2649 39
    endloop
  endfacet
  facet normal 0.989177 0.146726 0
    outer loop
      vertex 12.5361 19.2649 0
      vertex 12.6441 18.5368 39
      vertex 12.6441 18.5368 0
    endloop
  endfacet
  facet normal 0.989177 0.146726 0
    outer loop
      vertex 12.6441 18.5368 46
      vertex 12.5361 19.2649 44
      vertex 12.5361 19.2649 46
    endloop
  endfacet
  facet normal 0.989177 0.146726 0
    outer loop
      vertex 12.5361 19.2649 44
      vertex 12.6441 18.5368 46
      vertex 12.6441 18.5368 44
    endloop
  endfacet
  facet normal -0.595708 0.803201 0
    outer loop
      vertex 24.7579 14.2024 0
      vertex 24.1668 13.764 39
      vertex 24.7579 14.2024 39
    endloop
  endfacet
  facet normal -0.595708 0.803201 0
    outer loop
      vertex 24.1668 13.764 39
      vertex 24.7579 14.2024 0
      vertex 24.1668 13.764 0
    endloop
  endfacet
  facet normal -0.595708 0.803201 0
    outer loop
      vertex 24.7579 14.2024 44
      vertex 24.1668 13.764 46
      vertex 24.7579 14.2024 46
    endloop
  endfacet
  facet normal -0.595708 0.803201 0
    outer loop
      vertex 24.1668 13.764 46
      vertex 24.7579 14.2024 44
      vertex 24.1668 13.764 44
    endloop
  endfacet
  facet normal 0 0 1
    outer loop
      vertex 27.4639 20.7351 0
      vertex 27.4639 19.2649 0
      vertex 27.5 20 0
    endloop
  endfacet
  facet normal 0 0 1
    outer loop
      vertex 27.3559 21.4632 0
      vertex 27.4639 19.2649 0
      vertex 27.4639 20.7351 0
    endloop
  endfacet
  facet normal 0 0 1
    outer loop
      vertex 27.3559 21.4632 0
      vertex 27.3559 18.5368 0
      vertex 27.4639 19.2649 0
    endloop
  endfacet
  facet normal 0 0 1
    outer loop
      vertex 27.1771 22.1771 0
      vertex 27.3559 18.5368 0
      vertex 27.3559 21.4632 0
    endloop
  endfacet
  facet normal 0 0 1
    outer loop
      vertex 27.1771 22.1771 0
      vertex 27.1771 17.8229 0
      vertex 27.3559 18.5368 0
    endloop
  endfacet
  facet normal 0 0 1
    outer loop
      vertex 26.9291 22.8701 0
      vertex 27.1771 17.8229 0
      vertex 27.1771 22.1771 0
    endloop
  endfacet
  facet normal 0 0 1
    outer loop
      vertex 26.9291 22.8701 0
      vertex 26.9291 17.1299 0
      vertex 27.1771 17.8229 0
    endloop
  endfacet
  facet normal 0 0 1
    outer loop
      vertex 26.6144 23.5355 0
      vertex 26.9291 17.1299 0
      vertex 26.9291 22.8701 0
    endloop
  endfacet
  facet normal 0 0 1
    outer loop
      vertex 26.6144 23.5355 0
      vertex 26.6144 16.4645 0
      vertex 26.9291 17.1299 0
    endloop
  endfacet
  facet normal 0 0 1
    outer loop
      vertex 26.236 24.1668 0
      vertex 26.6144 16.4645 0
      vertex 26.6144 23.5355 0
    endloop
  endfacet
  facet normal 0 0 1
    outer loop
      vertex 26.236 24.1668 0
      vertex 26.236 15.8332 0
      vertex 26.6144 16.4645 0
    endloop
  endfacet
  facet normal 0 0 1
    outer loop
      vertex 25.7976 24.7579 0
      vertex 26.236 15.8332 0
      vertex 26.236 24.1668 0
    endloop
  endfacet
  facet normal 0 0 1
    outer loop
      vertex 25.7976 24.7579 0
      vertex 25.7976 15.2421 0
      vertex 26.236 15.8332 0
    endloop
  endfacet
  facet normal 0 0 1
    outer loop
      vertex 25.3033 25.3033 0
      vertex 25.7976 15.2421 0
      vertex 25.7976 24.7579 0
    endloop
  endfacet
  facet normal 0 0 1
    outer loop
      vertex 25.3033 25.3033 0
      vertex 25.3033 14.6967 0
      vertex 25.7976 15.2421 0
    endloop
  endfacet
  facet normal 0 0 1
    outer loop
      vertex 24.7579 25.7976 0
      vertex 25.3033 14.6967 0
      vertex 25.3033 25.3033 0
    endloop
  endfacet
  facet normal 0 0 1
    outer loop
      vertex 24.7579 25.7976 0
      vertex 24.7579 14.2024 0
      vertex 25.3033 14.6967 0
    endloop
  endfacet
  facet normal 0 0 1
    outer loop
      vertex 24.1668 26.236 0
      vertex 24.7579 14.2024 0
      vertex 24.7579 25.7976 0
    endloop
  endfacet
  facet normal 0 0 1
    outer loop
      vertex 24.1668 26.236 0
      vertex 24.1668 13.764 0
      vertex 24.7579 14.2024 0
    endloop
  endfacet
  facet normal 0 0 1
    outer loop
      vertex 23.5355 26.6144 0
      vertex 24.1668 13.764 0
      vertex 24.1668 26.236 0
    endloop
  endfacet
  facet normal 0 0 1
    outer loop
      vertex 23.5355 26.6144 0
      vertex 23.5355 13.3856 0
      vertex 24.1668 13.764 0
    endloop
  endfacet
  facet normal 0 0 1
    outer loop
      vertex 22.8701 26.9291 0
      vertex 23.5355 13.3856 0
      vertex 23.5355 26.6144 0
    endloop
  endfacet
  facet normal 0 0 1
    outer loop
      vertex 22.8701 26.9291 0
      vertex 22.8701 13.0709 0
      vertex 23.5355 13.3856 0
    endloop
  endfacet
  facet normal 0 0 1
    outer loop
      vertex 22.1771 27.1771 0
      vertex 22.8701 13.0709 0
      vertex 22.8701 26.9291 0
    endloop
  endfacet
  facet normal 0 0 1
    outer loop
      vertex 22.1771 27.1771 0
      vertex 22.1771 12.8229 0
      vertex 22.8701 13.0709 0
    endloop
  endfacet
  facet normal 0 0 1
    outer loop
      vertex 21.4632 27.3559 0
      vertex 22.1771 12.8229 0
      vertex 22.1771 27.1771 0
    endloop
  endfacet
  facet normal 0 0 1
    outer loop
      vertex 21.4632 27.3559 0
      vertex 21.4632 12.6441 0
      vertex 22.1771 12.8229 0
    endloop
  endfacet
  facet normal 0 0 1
    outer loop
      vertex 20.7351 27.4639 0
      vertex 21.4632 12.6441 0
      vertex 21.4632 27.3559 0
    endloop
  endfacet
  facet normal 0 0 1
    outer loop
      vertex 20.7351 27.4639 0
      vertex 20.7351 12.5361 0
      vertex 21.4632 12.6441 0
    endloop
  endfacet
  facet normal 0 0 1
    outer loop
      vertex 20 27.5 0
      vertex 20.7351 12.5361 0
      vertex 20.7351 27.4639 0
    endloop
  endfacet
  facet normal 0 0 1
    outer loop
      vertex 20 27.5 0
      vertex 20 12.5 0
      vertex 20.7351 12.5361 0
    endloop
  endfacet
  facet normal -0 0 1
    outer loop
      vertex 19.2649 27.4639 0
      vertex 20 12.5 0
      vertex 20 27.5 0
    endloop
  endfacet
  facet normal 0 0 1
    outer loop
      vertex 19.2649 27.4639 0
      vertex 19.2649 12.5361 0
      vertex 20 12.5 0
    endloop
  endfacet
  facet normal -0 0 1
    outer loop
      vertex 18.5368 27.3559 0
      vertex 19.2649 12.5361 0
      vertex 19.2649 27.4639 0
    endloop
  endfacet
  facet normal 0 0 1
    outer loop
      vertex 18.5368 27.3559 0
      vertex 18.5368 12.6441 0
      vertex 19.2649 12.5361 0
    endloop
  endfacet
  facet normal -0 0 1
    outer loop
      vertex 17.8229 27.1771 0
      vertex 18.5368 12.6441 0
      vertex 18.5368 27.3559 0
    endloop
  endfacet
  facet normal 0 0 1
    outer loop
      vertex 17.8229 27.1771 0
      vertex 17.8229 12.8229 0
      vertex 18.5368 12.6441 0
    endloop
  endfacet
  facet normal -0 0 1
    outer loop
      vertex 17.1299 26.9291 0
      vertex 17.8229 12.8229 0
      vertex 17.8229 27.1771 0
    endloop
  endfacet
  facet normal 0 0 1
    outer loop
      vertex 17.1299 26.9291 0
      vertex 17.1299 13.0709 0
      vertex 17.8229 12.8229 0
    endloop
  endfacet
  facet normal -0 0 1
    outer loop
      vertex 16.4645 26.6144 0
      vertex 17.1299 13.0709 0
      vertex 17.1299 26.9291 0
    endloop
  endfacet
  facet normal 0 0 1
    outer loop
      vertex 16.4645 26.6144 0
      vertex 16.4645 13.3856 0
      vertex 17.1299 13.0709 0
    endloop
  endfacet
  facet normal -0 0 1
    outer loop
      vertex 15.8332 26.236 0
      vertex 16.4645 13.3856 0
      vertex 16.4645 26.6144 0
    endloop
  endfacet
  facet normal 0 0 1
    outer loop
      vertex 15.8332 26.236 0
      vertex 15.8332 13.764 0
      vertex 16.4645 13.3856 0
    endloop
  endfacet
  facet normal -0 0 1
    outer loop
      vertex 15.2421 25.7976 0
      vertex 15.8332 13.764 0
      vertex 15.8332 26.236 0
    endloop
  endfacet
  facet normal 0 0 1
    outer loop
      vertex 15.2421 25.7976 0
      vertex 15.2421 14.2024 0
      vertex 15.8332 13.764 0
    endloop
  endfacet
  facet normal -0 0 1
    outer loop
      vertex 14.6967 25.3033 0
      vertex 15.2421 14.2024 0
      vertex 15.2421 25.7976 0
    endloop
  endfacet
  facet normal 0 0 1
    outer loop
      vertex 14.6967 25.3033 0
      vertex 14.6967 14.6967 0
      vertex 15.2421 14.2024 0
    endloop
  endfacet
  facet normal -0 0 1
    outer loop
      vertex 14.2024 24.7579 0
      vertex 14.6967 14.6967 0
      vertex 14.6967 25.3033 0
    endloop
  endfacet
  facet normal 0 0 1
    outer loop
      vertex 14.2024 24.7579 0
      vertex 14.2024 15.2421 0
      vertex 14.6967 14.6967 0
    endloop
  endfacet
  facet normal -0 0 1
    outer loop
      vertex 13.764 24.1668 0
      vertex 14.2024 15.2421 0
      vertex 14.2024 24.7579 0
    endloop
  endfacet
  facet normal 0 0 1
    outer loop
      vertex 13.764 24.1668 0
      vertex 13.764 15.8332 0
      vertex 14.2024 15.2421 0
    endloop
  endfacet
  facet normal -0 0 1
    outer loop
      vertex 13.3856 23.5355 0
      vertex 13.764 15.8332 0
      vertex 13.764 24.1668 0
    endloop
  endfacet
  facet normal 0 0 1
    outer loop
      vertex 13.3856 23.5355 0
      vertex 13.3856 16.4645 0
      vertex 13.764 15.8332 0
    endloop
  endfacet
  facet normal -0 0 1
    outer loop
      vertex 13.0709 22.8701 0
      vertex 13.3856 16.4645 0
      vertex 13.3856 23.5355 0
    endloop
  endfacet
  facet normal 0 0 1
    outer loop
      vertex 13.0709 22.8701 0
      vertex 13.0709 17.1299 0
      vertex 13.3856 16.4645 0
    endloop
  endfacet
  facet normal -0 0 1
    outer loop
      vertex 12.8229 22.1771 0
      vertex 13.0709 17.1299 0
      vertex 13.0709 22.8701 0
    endloop
  endfacet
  facet normal 0 0 1
    outer loop
      vertex 12.8229 22.1771 0
      vertex 12.8229 17.8229 0
      vertex 13.0709 17.1299 0
    endloop
  endfacet
  facet normal -0 0 1
    outer loop
      vertex 12.6441 21.4632 0
      vertex 12.8229 17.8229 0
      vertex 12.8229 22.1771 0
    endloop
  endfacet
  facet normal 0 0 1
    outer loop
      vertex 12.6441 21.4632 0
      vertex 12.6441 18.5368 0
      vertex 12.8229 17.8229 0
    endloop
  endfacet
  facet normal -0 0 1
    outer loop
      vertex 12.5361 20.7351 0
      vertex 12.6441 18.5368 0
      vertex 12.6441 21.4632 0
    endloop
  endfacet
  facet normal 0 0 1
    outer loop
      vertex 12.5361 20.7351 0
      vertex 12.5361 19.2649 0
      vertex 12.6441 18.5368 0
    endloop
  endfacet
  facet normal 0 -0 1
    outer loop
      vertex 12.5361 19.2649 0
      vertex 12.5361 20.7351 0
      vertex 12.5 20 0
    endloop
  endfacet
  facet normal 0.803201 0.595708 0
    outer loop
      vertex 14.2024 15.2421 39
      vertex 13.764 15.8332 0
      vertex 13.764 15.8332 39
    endloop
  endfacet
  facet normal 0.803201 0.595708 0
    outer loop
      vertex 13.764 15.8332 0
      vertex 14.2024 15.2421 39
      vertex 14.2024 15.2421 0
    endloop
  endfacet
  facet normal 0.803201 0.595708 0
    outer loop
      vertex 14.2024 15.2421 46
      vertex 13.764 15.8332 44
      vertex 13.764 15.8332 46
    endloop
  endfacet
  facet normal 0.803201 0.595708 0
    outer loop
      vertex 13.764 15.8332 44
      vertex 14.2024 15.2421 46
      vertex 14.2024 15.2421 44
    endloop
  endfacet
  facet normal 0.998796 -0.0490499 0
    outer loop
      vertex 12.5 20 39
      vertex 12.5361 20.7351 0
      vertex 12.5361 20.7351 39
    endloop
  endfacet
  facet normal 0.998796 -0.0490499 0
    outer loop
      vertex 12.5361 20.7351 0
      vertex 12.5 20 39
      vertex 12.5 20 0
    endloop
  endfacet
  facet normal 0.998796 -0.0490499 0
    outer loop
      vertex 12.5 20 46
      vertex 12.5361 20.7351 44
      vertex 12.5361 20.7351 46
    endloop
  endfacet
  facet normal 0.998796 -0.0490499 0
    outer loop
      vertex 12.5361 20.7351 44
      vertex 12.5 20 46
      vertex 12.5 20 44
    endloop
  endfacet
  facet normal -0.740966 0.671543 0
    outer loop
      vertex 25.3033 14.6967 0
      vertex 25.7976 15.2421 39
      vertex 25.7976 15.2421 0
    endloop
  endfacet
  facet normal -0.740966 0.671543 0
    outer loop
      vertex 25.7976 15.2421 39
      vertex 25.3033 14.6967 0
      vertex 25.3033 14.6967 39
    endloop
  endfacet
  facet normal -0.740966 0.671543 0
    outer loop
      vertex 25.3033 14.6967 44
      vertex 25.7976 15.2421 46
      vertex 25.7976 15.2421 44
    endloop
  endfacet
  facet normal -0.740966 0.671543 0
    outer loop
      vertex 25.7976 15.2421 46
      vertex 25.3033 14.6967 44
      vertex 25.3033 14.6967 46
    endloop
  endfacet
  facet normal 0.989179 0.146716 0
    outer loop
      vertex 4.97592 0.490086 44
      vertex 4.90393 0.975451 -44
      vertex 4.90393 0.975451 44
    endloop
  endfacet
  facet normal 0.989179 0.146716 0
    outer loop
      vertex 4.90393 0.975451 -44
      vertex 4.97592 0.490086 44
      vertex 4.97592 0.490086 -44
    endloop
  endfacet
  facet normal 0.671568 0.740943 -0
    outer loop
      vertex 3.53553 3.53553 -44
      vertex 3.17197 3.86505 44
      vertex 3.53553 3.53553 44
    endloop
  endfacet
  facet normal 0.671568 0.740943 0
    outer loop
      vertex 3.17197 3.86505 44
      vertex 3.53553 3.53553 -44
      vertex 3.17197 3.86505 -44
    endloop
  endfacet
  facet normal 0.049075 0.998795 -0
    outer loop
      vertex 0.490086 4.97592 -44
      vertex 0 5 44
      vertex 0.490086 4.97592 44
    endloop
  endfacet
  facet normal 0.049075 0.998795 0
    outer loop
      vertex 0 5 44
      vertex 0.490086 4.97592 -44
      vertex 0 5 -44
    endloop
  endfacet
  facet normal 0.941548 0.336879 0
    outer loop
      vertex 4.7847 1.45142 44
      vertex 4.6194 1.91342 -44
      vertex 4.6194 1.91342 44
    endloop
  endfacet
  facet normal 0.941548 0.336879 0
    outer loop
      vertex 4.6194 1.91342 -44
      vertex 4.7847 1.45142 44
      vertex 4.7847 1.45142 -44
    endloop
  endfacet
  facet normal 0.5957 0.803207 -0
    outer loop
      vertex 3.17197 3.86505 -44
      vertex 2.77785 4.15735 44
      vertex 3.17197 3.86505 44
    endloop
  endfacet
  facet normal 0.5957 0.803207 0
    outer loop
      vertex 2.77785 4.15735 44
      vertex 3.17197 3.86505 -44
      vertex 2.77785 4.15735 -44
    endloop
  endfacet
  facet normal 0.998795 0.049075 0
    outer loop
      vertex 5 0 44
      vertex 4.97592 0.490086 -44
      vertex 4.97592 0.490086 44
    endloop
  endfacet
  facet normal 0.998795 0.049075 0
    outer loop
      vertex 4.97592 0.490086 -44
      vertex 5 0 44
      vertex 5 0 -44
    endloop
  endfacet
  facet normal 0.970028 0.242992 0
    outer loop
      vertex 4.90393 0.975451 44
      vertex 4.7847 1.45142 -44
      vertex 4.7847 1.45142 44
    endloop
  endfacet
  facet normal 0.970028 0.242992 0
    outer loop
      vertex 4.7847 1.45142 -44
      vertex 4.90393 0.975451 44
      vertex 4.90393 0.975451 -44
    endloop
  endfacet
  facet normal 0.740943 0.671568 0
    outer loop
      vertex 3.86505 3.17197 44
      vertex 3.53553 3.53553 -44
      vertex 3.53553 3.53553 44
    endloop
  endfacet
  facet normal 0.740943 0.671568 0
    outer loop
      vertex 3.53553 3.53553 -44
      vertex 3.86505 3.17197 44
      vertex 3.86505 3.17197 -44
    endloop
  endfacet
  facet normal 0.857728 0.514103 0
    outer loop
      vertex 4.40961 2.35698 44
      vertex 4.15735 2.77785 -44
      vertex 4.15735 2.77785 44
    endloop
  endfacet
  facet normal 0.857728 0.514103 0
    outer loop
      vertex 4.15735 2.77785 -44
      vertex 4.40961 2.35698 44
      vertex 4.40961 2.35698 -44
    endloop
  endfacet
  facet normal 0.803207 0.5957 0
    outer loop
      vertex 4.15735 2.77785 44
      vertex 3.86505 3.17197 -44
      vertex 3.86505 3.17197 44
    endloop
  endfacet
  facet normal 0.803207 0.5957 0
    outer loop
      vertex 3.86505 3.17197 -44
      vertex 4.15735 2.77785 44
      vertex 4.15735 2.77785 -44
    endloop
  endfacet
  facet normal 0.903988 0.427558 0
    outer loop
      vertex 4.6194 1.91342 44
      vertex 4.40961 2.35698 -44
      vertex 4.40961 2.35698 44
    endloop
  endfacet
  facet normal 0.903988 0.427558 0
    outer loop
      vertex 4.40961 2.35698 -44
      vertex 4.6194 1.91342 44
      vertex 4.6194 1.91342 -44
    endloop
  endfacet
  facet normal 0.336879 0.941548 -0
    outer loop
      vertex 1.91342 4.6194 -44
      vertex 1.45142 4.7847 44
      vertex 1.91342 4.6194 44
    endloop
  endfacet
  facet normal 0.336879 0.941548 0
    outer loop
      vertex 1.45142 4.7847 44
      vertex 1.91342 4.6194 -44
      vertex 1.45142 4.7847 -44
    endloop
  endfacet
  facet normal 0.514103 0.857728 -0
    outer loop
      vertex 2.77785 4.15735 -44
      vertex 2.35698 4.40961 44
      vertex 2.77785 4.15735 44
    endloop
  endfacet
  facet normal 0.514103 0.857728 0
    outer loop
      vertex 2.35698 4.40961 44
      vertex 2.77785 4.15735 -44
      vertex 2.35698 4.40961 -44
    endloop
  endfacet
  facet normal 0.146716 0.989179 -0
    outer loop
      vertex 0.975451 4.90393 -44
      vertex 0.490086 4.97592 44
      vertex 0.975451 4.90393 44
    endloop
  endfacet
  facet normal 0.146716 0.989179 0
    outer loop
      vertex 0.490086 4.97592 44
      vertex 0.975451 4.90393 -44
      vertex 0.490086 4.97592 -44
    endloop
  endfacet
  facet normal 0.427558 0.903988 -0
    outer loop
      vertex 2.35698 4.40961 -44
      vertex 1.91342 4.6194 44
      vertex 2.35698 4.40961 44
    endloop
  endfacet
  facet normal 0.427558 0.903988 0
    outer loop
      vertex 1.91342 4.6194 44
      vertex 2.35698 4.40961 -44
      vertex 1.91342 4.6194 -44
    endloop
  endfacet
  facet normal 0.242992 0.970028 -0
    outer loop
      vertex 1.45142 4.7847 -44
      vertex 0.975451 4.90393 44
      vertex 1.45142 4.7847 44
    endloop
  endfacet
  facet normal 0.242992 0.970028 0
    outer loop
      vertex 0.975451 4.90393 44
      vertex 1.45142 4.7847 -44
      vertex 0.975451 4.90393 -44
    endloop
  endfacet
  facet normal 0.989179 0.146713 0
    outer loop
      vertex 43.7881 4.31275 46
      vertex 43.1546 8.58397 -46
      vertex 43.1546 8.58397 46
    endloop
  endfacet
  facet normal 0.989179 0.146713 0
    outer loop
      vertex 43.1546 8.58397 -46
      vertex 43.7881 4.31275 46
      vertex 43.7881 4.31275 -46
    endloop
  endfacet
  facet normal 0.998795 0.0490742 0
    outer loop
      vertex 44 0 46
      vertex 43.7881 4.31275 -46
      vertex 43.7881 4.31275 46
    endloop
  endfacet
  facet normal 0.998795 0.0490742 0
    outer loop
      vertex 43.7881 4.31275 -46
      vertex 44 0 46
      vertex 44 0 -46
    endloop
  endfacet
  facet normal 0.97003 0.242986 0
    outer loop
      vertex 43.1546 8.58397 46
      vertex 42.1054 12.7725 -46
      vertex 42.1054 12.7725 46
    endloop
  endfacet
  facet normal 0.97003 0.242986 0
    outer loop
      vertex 42.1054 12.7725 -46
      vertex 43.1546 8.58397 46
      vertex 43.1546 8.58397 -46
    endloop
  endfacet
  facet normal 0.941544 0.336891 0
    outer loop
      vertex 42.1054 12.7725 46
      vertex 40.6507 16.8381 -46
      vertex 40.6507 16.8381 46
    endloop
  endfacet
  facet normal 0.941544 0.336891 0
    outer loop
      vertex 40.6507 16.8381 -46
      vertex 42.1054 12.7725 46
      vertex 42.1054 12.7725 -46
    endloop
  endfacet
  facet normal 0.0490742 0.998795 -0
    outer loop
      vertex 4.31275 43.7881 -46
      vertex 0 44 46
      vertex 4.31275 43.7881 46
    endloop
  endfacet
  facet normal 0.0490742 0.998795 0
    outer loop
      vertex 0 44 46
      vertex 4.31275 43.7881 -46
      vertex 0 44 -46
    endloop
  endfacet
  facet normal 0.146713 0.989179 -0
    outer loop
      vertex 8.58397 43.1546 -46
      vertex 4.31275 43.7881 46
      vertex 8.58397 43.1546 46
    endloop
  endfacet
  facet normal 0.146713 0.989179 0
    outer loop
      vertex 4.31275 43.7881 46
      vertex 8.58397 43.1546 -46
      vertex 4.31275 43.7881 -46
    endloop
  endfacet
  facet normal 0.427561 0.903987 -0
    outer loop
      vertex 20.7415 38.8045 -46
      vertex 16.8381 40.6507 46
      vertex 20.7415 38.8045 46
    endloop
  endfacet
  facet normal 0.427561 0.903987 0
    outer loop
      vertex 16.8381 40.6507 46
      vertex 20.7415 38.8045 -46
      vertex 16.8381 40.6507 -46
    endloop
  endfacet
  facet normal 0.242986 0.97003 -0
    outer loop
      vertex 12.7725 42.1054 -46
      vertex 8.58397 43.1546 46
      vertex 12.7725 42.1054 46
    endloop
  endfacet
  facet normal 0.242986 0.97003 0
    outer loop
      vertex 8.58397 43.1546 46
      vertex 12.7725 42.1054 -46
      vertex 8.58397 43.1546 -46
    endloop
  endfacet
  facet normal 0.5957 0.803207 -0
    outer loop
      vertex 27.9133 34.0125 -46
      vertex 24.4451 36.5847 46
      vertex 27.9133 34.0125 46
    endloop
  endfacet
  facet normal 0.5957 0.803207 0
    outer loop
      vertex 24.4451 36.5847 46
      vertex 27.9133 34.0125 -46
      vertex 24.4451 36.5847 -46
    endloop
  endfacet
  facet normal 0.803207 0.5957 0
    outer loop
      vertex 36.5847 24.4451 46
      vertex 34.0125 27.9133 -46
      vertex 34.0125 27.9133 46
    endloop
  endfacet
  facet normal 0.803207 0.5957 0
    outer loop
      vertex 34.0125 27.9133 -46
      vertex 36.5847 24.4451 46
      vertex 36.5847 24.4451 -46
    endloop
  endfacet
  facet normal 0.514094 0.857734 -0
    outer loop
      vertex 24.4451 36.5847 -46
      vertex 20.7415 38.8045 46
      vertex 24.4451 36.5847 46
    endloop
  endfacet
  facet normal 0.514094 0.857734 0
    outer loop
      vertex 20.7415 38.8045 46
      vertex 24.4451 36.5847 -46
      vertex 20.7415 38.8045 -46
    endloop
  endfacet
  facet normal 0.740947 0.671563 0
    outer loop
      vertex 34.0125 27.9133 46
      vertex 31.1127 31.1127 -46
      vertex 31.1127 31.1127 46
    endloop
  endfacet
  facet normal 0.740947 0.671563 0
    outer loop
      vertex 31.1127 31.1127 -46
      vertex 34.0125 27.9133 46
      vertex 34.0125 27.9133 -46
    endloop
  endfacet
  facet normal 0.903987 0.427561 0
    outer loop
      vertex 40.6507 16.8381 46
      vertex 38.8045 20.7415 -46
      vertex 38.8045 20.7415 46
    endloop
  endfacet
  facet normal 0.903987 0.427561 0
    outer loop
      vertex 38.8045 20.7415 -46
      vertex 40.6507 16.8381 46
      vertex 40.6507 16.8381 -46
    endloop
  endfacet
  facet normal 0.671563 0.740947 -0
    outer loop
      vertex 31.1127 31.1127 -46
      vertex 27.9133 34.0125 46
      vertex 31.1127 31.1127 46
    endloop
  endfacet
  facet normal 0.671563 0.740947 0
    outer loop
      vertex 27.9133 34.0125 46
      vertex 31.1127 31.1127 -46
      vertex 27.9133 34.0125 -46
    endloop
  endfacet
  facet normal 0.857734 0.514094 0
    outer loop
      vertex 38.8045 20.7415 46
      vertex 36.5847 24.4451 -46
      vertex 36.5847 24.4451 46
    endloop
  endfacet
  facet normal 0.857734 0.514094 0
    outer loop
      vertex 36.5847 24.4451 -46
      vertex 38.8045 20.7415 46
      vertex 38.8045 20.7415 -46
    endloop
  endfacet
  facet normal 0.336891 0.941544 -0
    outer loop
      vertex 16.8381 40.6507 -46
      vertex 12.7725 42.1054 46
      vertex 16.8381 40.6507 46
    endloop
  endfacet
  facet normal 0.336891 0.941544 0
    outer loop
      vertex 12.7725 42.1054 46
      vertex 16.8381 40.6507 -46
      vertex 12.7725 42.1054 -46
    endloop
  endfacet
  facet normal 0.740935 -0.671577 0
    outer loop
      vertex -11.5952 9.5159 39
      vertex -10.6066 10.6066 -39
      vertex -10.6066 10.6066 39
    endloop
  endfacet
  facet normal 0.740935 -0.671577 0
    outer loop
      vertex -10.6066 10.6066 -39
      vertex -11.5952 9.5159 39
      vertex -11.5952 9.5159 -39
    endloop
  endfacet
  facet normal 0.59566 -0.803237 0
    outer loop
      vertex -9.5159 11.5952 -39
      vertex -8.33355 12.472 39
      vertex -9.5159 11.5952 39
    endloop
  endfacet
  facet normal 0.59566 -0.803237 0
    outer loop
      vertex -8.33355 12.472 39
      vertex -9.5159 11.5952 -39
      vertex -8.33355 12.472 -39
    endloop
  endfacet
  facet normal 0.514116 -0.857721 0
    outer loop
      vertex -8.33355 12.472 -39
      vertex -7.07095 13.2288 39
      vertex -8.33355 12.472 39
    endloop
  endfacet
  facet normal 0.514116 -0.857721 0
    outer loop
      vertex -7.07095 13.2288 39
      vertex -8.33355 12.472 -39
      vertex -7.07095 13.2288 -39
    endloop
  endfacet
  facet normal 0.427569 -0.903983 0
    outer loop
      vertex -7.07095 13.2288 -39
      vertex -5.74025 13.8582 39
      vertex -7.07095 13.2288 39
    endloop
  endfacet
  facet normal 0.427569 -0.903983 0
    outer loop
      vertex -5.74025 13.8582 39
      vertex -7.07095 13.2288 -39
      vertex -5.74025 13.8582 -39
    endloop
  endfacet
  facet normal 0.146737 -0.989176 0
    outer loop
      vertex -2.92635 14.7118 -39
      vertex -1.47026 14.9278 39
      vertex -2.92635 14.7118 39
    endloop
  endfacet
  facet normal 0.146737 -0.989176 0
    outer loop
      vertex -1.47026 14.9278 39
      vertex -2.92635 14.7118 -39
      vertex -1.47026 14.9278 -39
    endloop
  endfacet
  facet normal 0.242996 -0.970027 0
    outer loop
      vertex -4.35427 14.3541 -39
      vertex -2.92635 14.7118 39
      vertex -4.35427 14.3541 39
    endloop
  endfacet
  facet normal 0.242996 -0.970027 0
    outer loop
      vertex -2.92635 14.7118 39
      vertex -4.35427 14.3541 -39
      vertex -2.92635 14.7118 -39
    endloop
  endfacet
  facet normal 0.857721 -0.514116 0
    outer loop
      vertex -13.2288 7.07095 39
      vertex -12.472 8.33355 -39
      vertex -12.472 8.33355 39
    endloop
  endfacet
  facet normal 0.857721 -0.514116 0
    outer loop
      vertex -12.472 8.33355 -39
      vertex -13.2288 7.07095 39
      vertex -13.2288 7.07095 -39
    endloop
  endfacet
  facet normal 0.671577 -0.740935 0
    outer loop
      vertex -10.6066 10.6066 -39
      vertex -9.5159 11.5952 39
      vertex -10.6066 10.6066 39
    endloop
  endfacet
  facet normal 0.671577 -0.740935 0
    outer loop
      vertex -9.5159 11.5952 39
      vertex -10.6066 10.6066 -39
      vertex -9.5159 11.5952 -39
    endloop
  endfacet
  facet normal 0.336883 -0.941547 0
    outer loop
      vertex -5.74025 13.8582 -39
      vertex -4.35427 14.3541 39
      vertex -5.74025 13.8582 39
    endloop
  endfacet
  facet normal 0.336883 -0.941547 0
    outer loop
      vertex -4.35427 14.3541 39
      vertex -5.74025 13.8582 -39
      vertex -4.35427 14.3541 -39
    endloop
  endfacet
  facet normal 0.0490479 -0.998796 0
    outer loop
      vertex -1.47026 14.9278 -39
      vertex 0 15 39
      vertex -1.47026 14.9278 39
    endloop
  endfacet
  facet normal 0.0490479 -0.998796 0
    outer loop
      vertex 0 15 39
      vertex -1.47026 14.9278 -39
      vertex 0 15 -39
    endloop
  endfacet
  facet normal 0.970027 -0.242996 0
    outer loop
      vertex -14.7118 2.92635 39
      vertex -14.3541 4.35427 -39
      vertex -14.3541 4.35427 39
    endloop
  endfacet
  facet normal 0.970027 -0.242996 0
    outer loop
      vertex -14.3541 4.35427 -39
      vertex -14.7118 2.92635 39
      vertex -14.7118 2.92635 -39
    endloop
  endfacet
  facet normal 0.941547 -0.336883 0
    outer loop
      vertex -14.3541 4.35427 39
      vertex -13.8582 5.74025 -39
      vertex -13.8582 5.74025 39
    endloop
  endfacet
  facet normal 0.941547 -0.336883 0
    outer loop
      vertex -13.8582 5.74025 -39
      vertex -14.3541 4.35427 39
      vertex -14.3541 4.35427 -39
    endloop
  endfacet
  facet normal 0.903983 -0.427569 0
    outer loop
      vertex -13.8582 5.74025 39
      vertex -13.2288 7.07095 -39
      vertex -13.2288 7.07095 39
    endloop
  endfacet
  facet normal 0.903983 -0.427569 0
    outer loop
      vertex -13.2288 7.07095 -39
      vertex -13.8582 5.74025 39
      vertex -13.8582 5.74025 -39
    endloop
  endfacet
  facet normal 0.803237 -0.59566 0
    outer loop
      vertex -12.472 8.33355 39
      vertex -11.5952 9.5159 -39
      vertex -11.5952 9.5159 39
    endloop
  endfacet
  facet normal 0.803237 -0.59566 0
    outer loop
      vertex -11.5952 9.5159 -39
      vertex -12.472 8.33355 39
      vertex -12.472 8.33355 -39
    endloop
  endfacet
  facet normal 0.989176 -0.146737 0
    outer loop
      vertex -14.9278 1.47026 39
      vertex -14.7118 2.92635 -39
      vertex -14.7118 2.92635 39
    endloop
  endfacet
  facet normal 0.989176 -0.146737 0
    outer loop
      vertex -14.7118 2.92635 -39
      vertex -14.9278 1.47026 39
      vertex -14.9278 1.47026 -39
    endloop
  endfacet
  facet normal 0.998796 -0.0490479 0
    outer loop
      vertex -15 0 39
      vertex -14.9278 1.47026 -39
      vertex -14.9278 1.47026 39
    endloop
  endfacet
  facet normal 0.998796 -0.0490479 0
    outer loop
      vertex -14.9278 1.47026 -39
      vertex -15 0 39
      vertex -15 0 -39
    endloop
  endfacet
  facet normal 0.146736 -0.989176 0
    outer loop
      vertex -7.80361 39.2314 39
      vertex -3.92068 39.8074 44
      vertex -7.80361 39.2314 44
    endloop
  endfacet
  facet normal 0.146736 -0.989176 0
    outer loop
      vertex -3.92068 39.8074 44
      vertex -7.80361 39.2314 39
      vertex -3.92068 39.8074 39
    endloop
  endfacet
  facet normal 0.049065 -0.998796 0
    outer loop
      vertex -3.92068 39.8074 39
      vertex 0 40 44
      vertex -3.92068 39.8074 44
    endloop
  endfacet
  facet normal 0.049065 -0.998796 0
    outer loop
      vertex 0 40 44
      vertex -3.92068 39.8074 39
      vertex 0 40 39
    endloop
  endfacet
  facet normal 0.24298 -0.970031 0
    outer loop
      vertex -11.6114 38.2776 39
      vertex -7.80361 39.2314 44
      vertex -11.6114 38.2776 44
    endloop
  endfacet
  facet normal 0.24298 -0.970031 0
    outer loop
      vertex -7.80361 39.2314 44
      vertex -11.6114 38.2776 39
      vertex -7.80361 39.2314 39
    endloop
  endfacet
  facet normal 0.671545 -0.740964 0
    outer loop
      vertex -28.2843 28.2843 39
      vertex -25.3757 30.9204 44
      vertex -28.2843 28.2843 44
    endloop
  endfacet
  facet normal 0.671545 -0.740964 0
    outer loop
      vertex -25.3757 30.9204 44
      vertex -28.2843 28.2843 39
      vertex -25.3757 30.9204 39
    endloop
  endfacet
  facet normal 0.514095 -0.857733 0
    outer loop
      vertex -22.2228 33.2588 39
      vertex -18.8559 35.2768 44
      vertex -22.2228 33.2588 44
    endloop
  endfacet
  facet normal 0.514095 -0.857733 0
    outer loop
      vertex -18.8559 35.2768 44
      vertex -22.2228 33.2588 39
      vertex -18.8559 35.2768 39
    endloop
  endfacet
  facet normal 0.970031 -0.24298 0
    outer loop
      vertex -39.2314 7.80361 44
      vertex -38.2776 11.6114 39
      vertex -38.2776 11.6114 44
    endloop
  endfacet
  facet normal 0.970031 -0.24298 0
    outer loop
      vertex -38.2776 11.6114 39
      vertex -39.2314 7.80361 44
      vertex -39.2314 7.80361 39
    endloop
  endfacet
  facet normal 0.740964 -0.671545 0
    outer loop
      vertex -30.9204 25.3757 44
      vertex -28.2843 28.2843 39
      vertex -28.2843 28.2843 44
    endloop
  endfacet
  facet normal 0.740964 -0.671545 0
    outer loop
      vertex -28.2843 28.2843 39
      vertex -30.9204 25.3757 44
      vertex -30.9204 25.3757 39
    endloop
  endfacet
  facet normal 0.998796 -0.049065 0
    outer loop
      vertex -40 0 44
      vertex -39.8074 3.92068 39
      vertex -39.8074 3.92068 44
    endloop
  endfacet
  facet normal 0.998796 -0.049065 0
    outer loop
      vertex -39.8074 3.92068 39
      vertex -40 0 44
      vertex -40 0 39
    endloop
  endfacet
  facet normal 0.989176 -0.146736 0
    outer loop
      vertex -39.8074 3.92068 44
      vertex -39.2314 7.80361 39
      vertex -39.2314 7.80361 44
    endloop
  endfacet
  facet normal 0.989176 -0.146736 0
    outer loop
      vertex -39.2314 7.80361 39
      vertex -39.8074 3.92068 44
      vertex -39.8074 3.92068 39
    endloop
  endfacet
  facet normal 0.941545 -0.336887 0
    outer loop
      vertex -38.2776 11.6114 44
      vertex -36.9552 15.3073 39
      vertex -36.9552 15.3073 44
    endloop
  endfacet
  facet normal 0.941545 -0.336887 0
    outer loop
      vertex -36.9552 15.3073 39
      vertex -38.2776 11.6114 44
      vertex -38.2776 11.6114 39
    endloop
  endfacet
  facet normal 0.595708 -0.803201 0
    outer loop
      vertex -25.3757 30.9204 39
      vertex -22.2228 33.2588 44
      vertex -25.3757 30.9204 44
    endloop
  endfacet
  facet normal 0.595708 -0.803201 0
    outer loop
      vertex -22.2228 33.2588 44
      vertex -25.3757 30.9204 39
      vertex -22.2228 33.2588 39
    endloop
  endfacet
  facet normal 0.803201 -0.595708 0
    outer loop
      vertex -33.2588 22.2228 44
      vertex -30.9204 25.3757 39
      vertex -30.9204 25.3757 44
    endloop
  endfacet
  facet normal 0.803201 -0.595708 0
    outer loop
      vertex -30.9204 25.3757 39
      vertex -33.2588 22.2228 44
      vertex -33.2588 22.2228 39
    endloop
  endfacet
  facet normal 0.336887 -0.941545 0
    outer loop
      vertex -15.3073 36.9552 39
      vertex -11.6114 38.2776 44
      vertex -15.3073 36.9552 44
    endloop
  endfacet
  facet normal 0.336887 -0.941545 0
    outer loop
      vertex -11.6114 38.2776 44
      vertex -15.3073 36.9552 39
      vertex -11.6114 38.2776 39
    endloop
  endfacet
  facet normal 0.903986 -0.427563 0
    outer loop
      vertex -36.9552 15.3073 44
      vertex -35.2768 18.8559 39
      vertex -35.2768 18.8559 44
    endloop
  endfacet
  facet normal 0.903986 -0.427563 0
    outer loop
      vertex -35.2768 18.8559 39
      vertex -36.9552 15.3073 44
      vertex -36.9552 15.3073 39
    endloop
  endfacet
  facet normal 0.427563 -0.903986 0
    outer loop
      vertex -18.8559 35.2768 39
      vertex -15.3073 36.9552 44
      vertex -18.8559 35.2768 44
    endloop
  endfacet
  facet normal 0.427563 -0.903986 0
    outer loop
      vertex -15.3073 36.9552 44
      vertex -18.8559 35.2768 39
      vertex -15.3073 36.9552 39
    endloop
  endfacet
  facet normal 0.857733 -0.514095 0
    outer loop
      vertex -35.2768 18.8559 44
      vertex -33.2588 22.2228 39
      vertex -33.2588 22.2228 44
    endloop
  endfacet
  facet normal 0.857733 -0.514095 0
    outer loop
      vertex -33.2588 22.2228 39
      vertex -35.2768 18.8559 44
      vertex -35.2768 18.8559 39
    endloop
  endfacet
  facet normal 0.941545 -0.336887 0
    outer loop
      vertex -38.2776 11.6114 -39
      vertex -36.9552 15.3073 -44
      vertex -36.9552 15.3073 -39
    endloop
  endfacet
  facet normal 0.941545 -0.336887 0
    outer loop
      vertex -36.9552 15.3073 -44
      vertex -38.2776 11.6114 -39
      vertex -38.2776 11.6114 -44
    endloop
  endfacet
  facet normal 0.24298 -0.970031 0
    outer loop
      vertex -11.6114 38.2776 -44
      vertex -7.80361 39.2314 -39
      vertex -11.6114 38.2776 -39
    endloop
  endfacet
  facet normal 0.24298 -0.970031 0
    outer loop
      vertex -7.80361 39.2314 -39
      vertex -11.6114 38.2776 -44
      vertex -7.80361 39.2314 -44
    endloop
  endfacet
  facet normal 0.803201 -0.595708 0
    outer loop
      vertex -33.2588 22.2228 -39
      vertex -30.9204 25.3757 -44
      vertex -30.9204 25.3757 -39
    endloop
  endfacet
  facet normal 0.803201 -0.595708 0
    outer loop
      vertex -30.9204 25.3757 -44
      vertex -33.2588 22.2228 -39
      vertex -33.2588 22.2228 -44
    endloop
  endfacet
  facet normal 0.857733 -0.514095 0
    outer loop
      vertex -35.2768 18.8559 -39
      vertex -33.2588 22.2228 -44
      vertex -33.2588 22.2228 -39
    endloop
  endfacet
  facet normal 0.857733 -0.514095 0
    outer loop
      vertex -33.2588 22.2228 -44
      vertex -35.2768 18.8559 -39
      vertex -35.2768 18.8559 -44
    endloop
  endfacet
  facet normal 0.671545 -0.740964 0
    outer loop
      vertex -28.2843 28.2843 -44
      vertex -25.3757 30.9204 -39
      vertex -28.2843 28.2843 -39
    endloop
  endfacet
  facet normal 0.671545 -0.740964 0
    outer loop
      vertex -25.3757 30.9204 -39
      vertex -28.2843 28.2843 -44
      vertex -25.3757 30.9204 -44
    endloop
  endfacet
  facet normal 0.514095 -0.857733 0
    outer loop
      vertex -22.2228 33.2588 -44
      vertex -18.8559 35.2768 -39
      vertex -22.2228 33.2588 -39
    endloop
  endfacet
  facet normal 0.514095 -0.857733 0
    outer loop
      vertex -18.8559 35.2768 -39
      vertex -22.2228 33.2588 -44
      vertex -18.8559 35.2768 -44
    endloop
  endfacet
  facet normal 0.970031 -0.24298 0
    outer loop
      vertex -39.2314 7.80361 -39
      vertex -38.2776 11.6114 -44
      vertex -38.2776 11.6114 -39
    endloop
  endfacet
  facet normal 0.970031 -0.24298 0
    outer loop
      vertex -38.2776 11.6114 -44
      vertex -39.2314 7.80361 -39
      vertex -39.2314 7.80361 -44
    endloop
  endfacet
  facet normal 0.336887 -0.941545 0
    outer loop
      vertex -15.3073 36.9552 -44
      vertex -11.6114 38.2776 -39
      vertex -15.3073 36.9552 -39
    endloop
  endfacet
  facet normal 0.336887 -0.941545 0
    outer loop
      vertex -11.6114 38.2776 -39
      vertex -15.3073 36.9552 -44
      vertex -11.6114 38.2776 -44
    endloop
  endfacet
  facet normal 0.049065 -0.998796 0
    outer loop
      vertex -3.92068 39.8074 -44
      vertex 0 40 -39
      vertex -3.92068 39.8074 -39
    endloop
  endfacet
  facet normal 0.049065 -0.998796 0
    outer loop
      vertex 0 40 -39
      vertex -3.92068 39.8074 -44
      vertex 0 40 -44
    endloop
  endfacet
  facet normal 0.427563 -0.903986 0
    outer loop
      vertex -18.8559 35.2768 -44
      vertex -15.3073 36.9552 -39
      vertex -18.8559 35.2768 -39
    endloop
  endfacet
  facet normal 0.427563 -0.903986 0
    outer loop
      vertex -15.3073 36.9552 -39
      vertex -18.8559 35.2768 -44
      vertex -15.3073 36.9552 -44
    endloop
  endfacet
  facet normal 0.595708 -0.803201 0
    outer loop
      vertex -25.3757 30.9204 -44
      vertex -22.2228 33.2588 -39
      vertex -25.3757 30.9204 -39
    endloop
  endfacet
  facet normal 0.595708 -0.803201 0
    outer loop
      vertex -22.2228 33.2588 -39
      vertex -25.3757 30.9204 -44
      vertex -22.2228 33.2588 -44
    endloop
  endfacet
  facet normal 0.989176 -0.146736 0
    outer loop
      vertex -39.8074 3.92068 -39
      vertex -39.2314 7.80361 -44
      vertex -39.2314 7.80361 -39
    endloop
  endfacet
  facet normal 0.989176 -0.146736 0
    outer loop
      vertex -39.2314 7.80361 -44
      vertex -39.8074 3.92068 -39
      vertex -39.8074 3.92068 -44
    endloop
  endfacet
  facet normal 0.146736 -0.989176 0
    outer loop
      vertex -7.80361 39.2314 -44
      vertex -3.92068 39.8074 -39
      vertex -7.80361 39.2314 -39
    endloop
  endfacet
  facet normal 0.146736 -0.989176 0
    outer loop
      vertex -3.92068 39.8074 -39
      vertex -7.80361 39.2314 -44
      vertex -3.92068 39.8074 -44
    endloop
  endfacet
  facet normal 0.903986 -0.427563 0
    outer loop
      vertex -36.9552 15.3073 -39
      vertex -35.2768 18.8559 -44
      vertex -35.2768 18.8559 -39
    endloop
  endfacet
  facet normal 0.903986 -0.427563 0
    outer loop
      vertex -35.2768 18.8559 -44
      vertex -36.9552 15.3073 -39
      vertex -36.9552 15.3073 -44
    endloop
  endfacet
  facet normal 0.740964 -0.671545 0
    outer loop
      vertex -30.9204 25.3757 -39
      vertex -28.2843 28.2843 -44
      vertex -28.2843 28.2843 -39
    endloop
  endfacet
  facet normal 0.740964 -0.671545 0
    outer loop
      vertex -28.2843 28.2843 -44
      vertex -30.9204 25.3757 -39
      vertex -30.9204 25.3757 -44
    endloop
  endfacet
  facet normal 0.998796 -0.049065 0
    outer loop
      vertex -40 0 -39
      vertex -39.8074 3.92068 -44
      vertex -39.8074 3.92068 -39
    endloop
  endfacet
  facet normal 0.998796 -0.049065 0
    outer loop
      vertex -39.8074 3.92068 -44
      vertex -40 0 -39
      vertex -40 0 -44
    endloop
  endfacet
  facet normal -0.998795 0.049075 0
    outer loop
      vertex -5 0 -44
      vertex -4.97592 0.490086 44
      vertex -4.97592 0.490086 -44
    endloop
  endfacet
  facet normal -0.998795 0.049075 0
    outer loop
      vertex -4.97592 0.490086 44
      vertex -5 0 -44
      vertex -5 0 44
    endloop
  endfacet
  facet normal -0.970028 0.242992 0
    outer loop
      vertex -4.90393 0.975451 -44
      vertex -4.7847 1.45142 44
      vertex -4.7847 1.45142 -44
    endloop
  endfacet
  facet normal -0.970028 0.242992 0
    outer loop
      vertex -4.7847 1.45142 44
      vertex -4.90393 0.975451 -44
      vertex -4.90393 0.975451 44
    endloop
  endfacet
  facet normal -0.336879 0.941548 0
    outer loop
      vertex -1.45142 4.7847 -44
      vertex -1.91342 4.6194 44
      vertex -1.45142 4.7847 44
    endloop
  endfacet
  facet normal -0.336879 0.941548 0
    outer loop
      vertex -1.91342 4.6194 44
      vertex -1.45142 4.7847 -44
      vertex -1.91342 4.6194 -44
    endloop
  endfacet
  facet normal -0.941548 0.336879 0
    outer loop
      vertex -4.7847 1.45142 -44
      vertex -4.6194 1.91342 44
      vertex -4.6194 1.91342 -44
    endloop
  endfacet
  facet normal -0.941548 0.336879 0
    outer loop
      vertex -4.6194 1.91342 44
      vertex -4.7847 1.45142 -44
      vertex -4.7847 1.45142 44
    endloop
  endfacet
  facet normal -0.671568 0.740943 0
    outer loop
      vertex -3.17197 3.86505 -44
      vertex -3.53553 3.53553 44
      vertex -3.17197 3.86505 44
    endloop
  endfacet
  facet normal -0.671568 0.740943 0
    outer loop
      vertex -3.53553 3.53553 44
      vertex -3.17197 3.86505 -44
      vertex -3.53553 3.53553 -44
    endloop
  endfacet
  facet normal -0.049075 0.998795 0
    outer loop
      vertex 0 5 -44
      vertex -0.490086 4.97592 44
      vertex 0 5 44
    endloop
  endfacet
  facet normal -0.049075 0.998795 0
    outer loop
      vertex -0.490086 4.97592 44
      vertex 0 5 -44
      vertex -0.490086 4.97592 -44
    endloop
  endfacet
  facet normal -0.146716 0.989179 0
    outer loop
      vertex -0.490086 4.97592 -44
      vertex -0.975451 4.90393 44
      vertex -0.490086 4.97592 44
    endloop
  endfacet
  facet normal -0.146716 0.989179 0
    outer loop
      vertex -0.975451 4.90393 44
      vertex -0.490086 4.97592 -44
      vertex -0.975451 4.90393 -44
    endloop
  endfacet
  facet normal -0.514103 0.857728 0
    outer loop
      vertex -2.35698 4.40961 -44
      vertex -2.77785 4.15735 44
      vertex -2.35698 4.40961 44
    endloop
  endfacet
  facet normal -0.514103 0.857728 0
    outer loop
      vertex -2.77785 4.15735 44
      vertex -2.35698 4.40961 -44
      vertex -2.77785 4.15735 -44
    endloop
  endfacet
  facet normal -0.903988 0.427558 0
    outer loop
      vertex -4.6194 1.91342 -44
      vertex -4.40961 2.35698 44
      vertex -4.40961 2.35698 -44
    endloop
  endfacet
  facet normal -0.903988 0.427558 0
    outer loop
      vertex -4.40961 2.35698 44
      vertex -4.6194 1.91342 -44
      vertex -4.6194 1.91342 44
    endloop
  endfacet
  facet normal -0.5957 0.803207 0
    outer loop
      vertex -2.77785 4.15735 -44
      vertex -3.17197 3.86505 44
      vertex -2.77785 4.15735 44
    endloop
  endfacet
  facet normal -0.5957 0.803207 0
    outer loop
      vertex -3.17197 3.86505 44
      vertex -2.77785 4.15735 -44
      vertex -3.17197 3.86505 -44
    endloop
  endfacet
  facet normal -0.989179 0.146716 0
    outer loop
      vertex -4.97592 0.490086 -44
      vertex -4.90393 0.975451 44
      vertex -4.90393 0.975451 -44
    endloop
  endfacet
  facet normal -0.989179 0.146716 0
    outer loop
      vertex -4.90393 0.975451 44
      vertex -4.97592 0.490086 -44
      vertex -4.97592 0.490086 44
    endloop
  endfacet
  facet normal -0.242992 0.970028 0
    outer loop
      vertex -0.975451 4.90393 -44
      vertex -1.45142 4.7847 44
      vertex -0.975451 4.90393 44
    endloop
  endfacet
  facet normal -0.242992 0.970028 0
    outer loop
      vertex -1.45142 4.7847 44
      vertex -0.975451 4.90393 -44
      vertex -1.45142 4.7847 -44
    endloop
  endfacet
  facet normal -0.803207 0.5957 0
    outer loop
      vertex -4.15735 2.77785 -44
      vertex -3.86505 3.17197 44
      vertex -3.86505 3.17197 -44
    endloop
  endfacet
  facet normal -0.803207 0.5957 0
    outer loop
      vertex -3.86505 3.17197 44
      vertex -4.15735 2.77785 -44
      vertex -4.15735 2.77785 44
    endloop
  endfacet
  facet normal -0.740943 0.671568 0
    outer loop
      vertex -3.86505 3.17197 -44
      vertex -3.53553 3.53553 44
      vertex -3.53553 3.53553 -44
    endloop
  endfacet
  facet normal -0.740943 0.671568 0
    outer loop
      vertex -3.53553 3.53553 44
      vertex -3.86505 3.17197 -44
      vertex -3.86505 3.17197 44
    endloop
  endfacet
  facet normal -0.427558 0.903988 0
    outer loop
      vertex -1.91342 4.6194 -44
      vertex -2.35698 4.40961 44
      vertex -1.91342 4.6194 44
    endloop
  endfacet
  facet normal -0.427558 0.903988 0
    outer loop
      vertex -2.35698 4.40961 44
      vertex -1.91342 4.6194 -44
      vertex -2.35698 4.40961 -44
    endloop
  endfacet
  facet normal -0.857728 0.514103 0
    outer loop
      vertex -4.40961 2.35698 -44
      vertex -4.15735 2.77785 44
      vertex -4.15735 2.77785 -44
    endloop
  endfacet
  facet normal -0.857728 0.514103 0
    outer loop
      vertex -4.15735 2.77785 44
      vertex -4.40961 2.35698 -44
      vertex -4.40961 2.35698 44
    endloop
  endfacet
  facet normal -0.5957 0.803207 0
    outer loop
      vertex -24.4451 36.5847 -46
      vertex -27.9133 34.0125 46
      vertex -24.4451 36.5847 46
    endloop
  endfacet
  facet normal -0.5957 0.803207 0
    outer loop
      vertex -27.9133 34.0125 46
      vertex -24.4451 36.5847 -46
      vertex -27.9133 34.0125 -46
    endloop
  endfacet
  facet normal -0.989179 0.146713 0
    outer loop
      vertex -43.7881 4.31275 -46
      vertex -43.1546 8.58397 46
      vertex -43.1546 8.58397 -46
    endloop
  endfacet
  facet normal -0.989179 0.146713 0
    outer loop
      vertex -43.1546 8.58397 46
      vertex -43.7881 4.31275 -46
      vertex -43.7881 4.31275 46
    endloop
  endfacet
  facet normal -0.941544 0.336891 0
    outer loop
      vertex -42.1054 12.7725 -46
      vertex -40.6507 16.8381 46
      vertex -40.6507 16.8381 -46
    endloop
  endfacet
  facet normal -0.941544 0.336891 0
    outer loop
      vertex -40.6507 16.8381 46
      vertex -42.1054 12.7725 -46
      vertex -42.1054 12.7725 46
    endloop
  endfacet
  facet normal -0.857734 0.514094 0
    outer loop
      vertex -38.8045 20.7415 -46
      vertex -36.5847 24.4451 46
      vertex -36.5847 24.4451 -46
    endloop
  endfacet
  facet normal -0.857734 0.514094 0
    outer loop
      vertex -36.5847 24.4451 46
      vertex -38.8045 20.7415 -46
      vertex -38.8045 20.7415 46
    endloop
  endfacet
  facet normal -0.336891 0.941544 0
    outer loop
      vertex -12.7725 42.1054 -46
      vertex -16.8381 40.6507 46
      vertex -12.7725 42.1054 46
    endloop
  endfacet
  facet normal -0.336891 0.941544 0
    outer loop
      vertex -16.8381 40.6507 46
      vertex -12.7725 42.1054 -46
      vertex -16.8381 40.6507 -46
    endloop
  endfacet
  facet normal -0.146713 0.989179 0
    outer loop
      vertex -4.31275 43.7881 -46
      vertex -8.58397 43.1546 46
      vertex -4.31275 43.7881 46
    endloop
  endfacet
  facet normal -0.146713 0.989179 0
    outer loop
      vertex -8.58397 43.1546 46
      vertex -4.31275 43.7881 -46
      vertex -8.58397 43.1546 -46
    endloop
  endfacet
  facet normal -0.803207 0.5957 0
    outer loop
      vertex -36.5847 24.4451 -46
      vertex -34.0125 27.9133 46
      vertex -34.0125 27.9133 -46
    endloop
  endfacet
  facet normal -0.803207 0.5957 0
    outer loop
      vertex -34.0125 27.9133 46
      vertex -36.5847 24.4451 -46
      vertex -36.5847 24.4451 46
    endloop
  endfacet
  facet normal -0.514094 0.857734 0
    outer loop
      vertex -20.7415 38.8045 -46
      vertex -24.4451 36.5847 46
      vertex -20.7415 38.8045 46
    endloop
  endfacet
  facet normal -0.514094 0.857734 0
    outer loop
      vertex -24.4451 36.5847 46
      vertex -20.7415 38.8045 -46
      vertex -24.4451 36.5847 -46
    endloop
  endfacet
  facet normal -0.998795 0.0490742 0
    outer loop
      vertex -44 0 -46
      vertex -43.7881 4.31275 46
      vertex -43.7881 4.31275 -46
    endloop
  endfacet
  facet normal -0.998795 0.0490742 0
    outer loop
      vertex -43.7881 4.31275 46
      vertex -44 0 -46
      vertex -44 0 46
    endloop
  endfacet
  facet normal -0.97003 0.242986 0
    outer loop
      vertex -43.1546 8.58397 -46
      vertex -42.1054 12.7725 46
      vertex -42.1054 12.7725 -46
    endloop
  endfacet
  facet normal -0.97003 0.242986 0
    outer loop
      vertex -42.1054 12.7725 46
      vertex -43.1546 8.58397 -46
      vertex -43.1546 8.58397 46
    endloop
  endfacet
  facet normal -0.0490742 0.998795 0
    outer loop
      vertex 0 44 -46
      vertex -4.31275 43.7881 46
      vertex 0 44 46
    endloop
  endfacet
  facet normal -0.0490742 0.998795 0
    outer loop
      vertex -4.31275 43.7881 46
      vertex 0 44 -46
      vertex -4.31275 43.7881 -46
    endloop
  endfacet
  facet normal -0.903987 0.427561 0
    outer loop
      vertex -40.6507 16.8381 -46
      vertex -38.8045 20.7415 46
      vertex -38.8045 20.7415 -46
    endloop
  endfacet
  facet normal -0.903987 0.427561 0
    outer loop
      vertex -38.8045 20.7415 46
      vertex -40.6507 16.8381 -46
      vertex -40.6507 16.8381 46
    endloop
  endfacet
  facet normal -0.671563 0.740947 0
    outer loop
      vertex -27.9133 34.0125 -46
      vertex -31.1127 31.1127 46
      vertex -27.9133 34.0125 46
    endloop
  endfacet
  facet normal -0.671563 0.740947 0
    outer loop
      vertex -31.1127 31.1127 46
      vertex -27.9133 34.0125 -46
      vertex -31.1127 31.1127 -46
    endloop
  endfacet
  facet normal -0.242986 0.97003 0
    outer loop
      vertex -8.58397 43.1546 -46
      vertex -12.7725 42.1054 46
      vertex -8.58397 43.1546 46
    endloop
  endfacet
  facet normal -0.242986 0.97003 0
    outer loop
      vertex -12.7725 42.1054 46
      vertex -8.58397 43.1546 -46
      vertex -12.7725 42.1054 -46
    endloop
  endfacet
  facet normal -0.427561 0.903987 0
    outer loop
      vertex -16.8381 40.6507 -46
      vertex -20.7415 38.8045 46
      vertex -16.8381 40.6507 46
    endloop
  endfacet
  facet normal -0.427561 0.903987 0
    outer loop
      vertex -20.7415 38.8045 46
      vertex -16.8381 40.6507 -46
      vertex -20.7415 38.8045 -46
    endloop
  endfacet
  facet normal -0.740947 0.671563 0
    outer loop
      vertex -34.0125 27.9133 -46
      vertex -31.1127 31.1127 46
      vertex -31.1127 31.1127 -46
    endloop
  endfacet
  facet normal -0.740947 0.671563 0
    outer loop
      vertex -31.1127 31.1127 46
      vertex -34.0125 27.9133 -46
      vertex -34.0125 27.9133 46
    endloop
  endfacet
  facet normal 0.59566 0.803237 -0
    outer loop
      vertex -8.33355 -12.472 -39
      vertex -9.5159 -11.5952 39
      vertex -8.33355 -12.472 39
    endloop
  endfacet
  facet normal 0.59566 0.803237 0
    outer loop
      vertex -9.5159 -11.5952 39
      vertex -8.33355 -12.472 -39
      vertex -9.5159 -11.5952 -39
    endloop
  endfacet
  facet normal 0.242996 0.970027 -0
    outer loop
      vertex -2.92635 -14.7118 -39
      vertex -4.35427 -14.3541 39
      vertex -2.92635 -14.7118 39
    endloop
  endfacet
  facet normal 0.242996 0.970027 0
    outer loop
      vertex -4.35427 -14.3541 39
      vertex -2.92635 -14.7118 -39
      vertex -4.35427 -14.3541 -39
    endloop
  endfacet
  facet normal 0.998796 0.0490479 0
    outer loop
      vertex -14.9278 -1.47026 39
      vertex -15 0 -39
      vertex -15 0 39
    endloop
  endfacet
  facet normal 0.998796 0.0490479 0
    outer loop
      vertex -15 0 -39
      vertex -14.9278 -1.47026 39
      vertex -14.9278 -1.47026 -39
    endloop
  endfacet
  facet normal 0.970027 0.242996 0
    outer loop
      vertex -14.3541 -4.35427 39
      vertex -14.7118 -2.92635 -39
      vertex -14.7118 -2.92635 39
    endloop
  endfacet
  facet normal 0.970027 0.242996 0
    outer loop
      vertex -14.7118 -2.92635 -39
      vertex -14.3541 -4.35427 39
      vertex -14.3541 -4.35427 -39
    endloop
  endfacet
  facet normal 0.903983 0.427569 0
    outer loop
      vertex -13.2288 -7.07095 39
      vertex -13.8582 -5.74025 -39
      vertex -13.8582 -5.74025 39
    endloop
  endfacet
  facet normal 0.903983 0.427569 0
    outer loop
      vertex -13.8582 -5.74025 -39
      vertex -13.2288 -7.07095 39
      vertex -13.2288 -7.07095 -39
    endloop
  endfacet
  facet normal 0.941547 0.336883 0
    outer loop
      vertex -13.8582 -5.74025 39
      vertex -14.3541 -4.35427 -39
      vertex -14.3541 -4.35427 39
    endloop
  endfacet
  facet normal 0.941547 0.336883 0
    outer loop
      vertex -14.3541 -4.35427 -39
      vertex -13.8582 -5.74025 39
      vertex -13.8582 -5.74025 -39
    endloop
  endfacet
  facet normal 0.857721 0.514116 0
    outer loop
      vertex -12.472 -8.33355 39
      vertex -13.2288 -7.07095 -39
      vertex -13.2288 -7.07095 39
    endloop
  endfacet
  facet normal 0.857721 0.514116 0
    outer loop
      vertex -13.2288 -7.07095 -39
      vertex -12.472 -8.33355 39
      vertex -12.472 -8.33355 -39
    endloop
  endfacet
  facet normal 0.427569 0.903983 -0
    outer loop
      vertex -5.74025 -13.8582 -39
      vertex -7.07095 -13.2288 39
      vertex -5.74025 -13.8582 39
    endloop
  endfacet
  facet normal 0.427569 0.903983 0
    outer loop
      vertex -7.07095 -13.2288 39
      vertex -5.74025 -13.8582 -39
      vertex -7.07095 -13.2288 -39
    endloop
  endfacet
  facet normal 0.740935 0.671577 0
    outer loop
      vertex -10.6066 -10.6066 39
      vertex -11.5952 -9.5159 -39
      vertex -11.5952 -9.5159 39
    endloop
  endfacet
  facet normal 0.740935 0.671577 0
    outer loop
      vertex -11.5952 -9.5159 -39
      vertex -10.6066 -10.6066 39
      vertex -10.6066 -10.6066 -39
    endloop
  endfacet
  facet normal 0.514116 0.857721 -0
    outer loop
      vertex -7.07095 -13.2288 -39
      vertex -8.33355 -12.472 39
      vertex -7.07095 -13.2288 39
    endloop
  endfacet
  facet normal 0.514116 0.857721 0
    outer loop
      vertex -8.33355 -12.472 39
      vertex -7.07095 -13.2288 -39
      vertex -8.33355 -12.472 -39
    endloop
  endfacet
  facet normal 0.803237 0.59566 0
    outer loop
      vertex -11.5952 -9.5159 39
      vertex -12.472 -8.33355 -39
      vertex -12.472 -8.33355 39
    endloop
  endfacet
  facet normal 0.803237 0.59566 0
    outer loop
      vertex -12.472 -8.33355 -39
      vertex -11.5952 -9.5159 39
      vertex -11.5952 -9.5159 -39
    endloop
  endfacet
  facet normal 0.989176 0.146737 0
    outer loop
      vertex -14.7118 -2.92635 39
      vertex -14.9278 -1.47026 -39
      vertex -14.9278 -1.47026 39
    endloop
  endfacet
  facet normal 0.989176 0.146737 0
    outer loop
      vertex -14.9278 -1.47026 -39
      vertex -14.7118 -2.92635 39
      vertex -14.7118 -2.92635 -39
    endloop
  endfacet
  facet normal 0.671577 0.740935 -0
    outer loop
      vertex -9.5159 -11.5952 -39
      vertex -10.6066 -10.6066 39
      vertex -9.5159 -11.5952 39
    endloop
  endfacet
  facet normal 0.671577 0.740935 0
    outer loop
      vertex -10.6066 -10.6066 39
      vertex -9.5159 -11.5952 -39
      vertex -10.6066 -10.6066 -39
    endloop
  endfacet
  facet normal 0.0490479 0.998796 -0
    outer loop
      vertex 0 -15 -39
      vertex -1.47026 -14.9278 39
      vertex 0 -15 39
    endloop
  endfacet
  facet normal 0.0490479 0.998796 0
    outer loop
      vertex -1.47026 -14.9278 39
      vertex 0 -15 -39
      vertex -1.47026 -14.9278 -39
    endloop
  endfacet
  facet normal 0.146737 0.989176 -0
    outer loop
      vertex -1.47026 -14.9278 -39
      vertex -2.92635 -14.7118 39
      vertex -1.47026 -14.9278 39
    endloop
  endfacet
  facet normal 0.146737 0.989176 0
    outer loop
      vertex -2.92635 -14.7118 39
      vertex -1.47026 -14.9278 -39
      vertex -2.92635 -14.7118 -39
    endloop
  endfacet
  facet normal 0.336883 0.941547 -0
    outer loop
      vertex -4.35427 -14.3541 -39
      vertex -5.74025 -13.8582 39
      vertex -4.35427 -14.3541 39
    endloop
  endfacet
  facet normal 0.336883 0.941547 0
    outer loop
      vertex -5.74025 -13.8582 39
      vertex -4.35427 -14.3541 -39
      vertex -5.74025 -13.8582 -39
    endloop
  endfacet
  facet normal 0.427563 0.903986 -0
    outer loop
      vertex -15.3073 -36.9552 39
      vertex -18.8559 -35.2768 44
      vertex -15.3073 -36.9552 44
    endloop
  endfacet
  facet normal 0.427563 0.903986 0
    outer loop
      vertex -18.8559 -35.2768 44
      vertex -15.3073 -36.9552 39
      vertex -18.8559 -35.2768 39
    endloop
  endfacet
  facet normal 0.941545 0.336887 0
    outer loop
      vertex -36.9552 -15.3073 44
      vertex -38.2776 -11.6114 39
      vertex -38.2776 -11.6114 44
    endloop
  endfacet
  facet normal 0.941545 0.336887 0
    outer loop
      vertex -38.2776 -11.6114 39
      vertex -36.9552 -15.3073 44
      vertex -36.9552 -15.3073 39
    endloop
  endfacet
  facet normal 0.998796 0.049065 0
    outer loop
      vertex -39.8074 -3.92068 44
      vertex -40 0 39
      vertex -40 0 44
    endloop
  endfacet
  facet normal 0.998796 0.049065 0
    outer loop
      vertex -40 0 39
      vertex -39.8074 -3.92068 44
      vertex -39.8074 -3.92068 39
    endloop
  endfacet
  facet normal 0.049065 0.998796 -0
    outer loop
      vertex 0 -40 39
      vertex -3.92068 -39.8074 44
      vertex 0 -40 44
    endloop
  endfacet
  facet normal 0.049065 0.998796 0
    outer loop
      vertex -3.92068 -39.8074 44
      vertex 0 -40 39
      vertex -3.92068 -39.8074 39
    endloop
  endfacet
  facet normal 0.740964 0.671545 0
    outer loop
      vertex -28.2843 -28.2843 44
      vertex -30.9204 -25.3757 39
      vertex -30.9204 -25.3757 44
    endloop
  endfacet
  facet normal 0.740964 0.671545 0
    outer loop
      vertex -30.9204 -25.3757 39
      vertex -28.2843 -28.2843 44
      vertex -28.2843 -28.2843 39
    endloop
  endfacet
  facet normal 0.970031 0.24298 0
    outer loop
      vertex -38.2776 -11.6114 44
      vertex -39.2314 -7.80361 39
      vertex -39.2314 -7.80361 44
    endloop
  endfacet
  facet normal 0.970031 0.24298 0
    outer loop
      vertex -39.2314 -7.80361 39
      vertex -38.2776 -11.6114 44
      vertex -38.2776 -11.6114 39
    endloop
  endfacet
  facet normal 0.903986 0.427563 0
    outer loop
      vertex -35.2768 -18.8559 44
      vertex -36.9552 -15.3073 39
      vertex -36.9552 -15.3073 44
    endloop
  endfacet
  facet normal 0.903986 0.427563 0
    outer loop
      vertex -36.9552 -15.3073 39
      vertex -35.2768 -18.8559 44
      vertex -35.2768 -18.8559 39
    endloop
  endfacet
  facet normal 0.803201 0.595708 0
    outer loop
      vertex -30.9204 -25.3757 44
      vertex -33.2588 -22.2228 39
      vertex -33.2588 -22.2228 44
    endloop
  endfacet
  facet normal 0.803201 0.595708 0
    outer loop
      vertex -33.2588 -22.2228 39
      vertex -30.9204 -25.3757 44
      vertex -30.9204 -25.3757 39
    endloop
  endfacet
  facet normal 0.146736 0.989176 -0
    outer loop
      vertex -3.92068 -39.8074 39
      vertex -7.80361 -39.2314 44
      vertex -3.92068 -39.8074 44
    endloop
  endfacet
  facet normal 0.146736 0.989176 0
    outer loop
      vertex -7.80361 -39.2314 44
      vertex -3.92068 -39.8074 39
      vertex -7.80361 -39.2314 39
    endloop
  endfacet
  facet normal 0.514095 0.857733 -0
    outer loop
      vertex -18.8559 -35.2768 39
      vertex -22.2228 -33.2588 44
      vertex -18.8559 -35.2768 44
    endloop
  endfacet
  facet normal 0.514095 0.857733 0
    outer loop
      vertex -22.2228 -33.2588 44
      vertex -18.8559 -35.2768 39
      vertex -22.2228 -33.2588 39
    endloop
  endfacet
  facet normal 0.671545 0.740964 -0
    outer loop
      vertex -25.3757 -30.9204 39
      vertex -28.2843 -28.2843 44
      vertex -25.3757 -30.9204 44
    endloop
  endfacet
  facet normal 0.671545 0.740964 0
    outer loop
      vertex -28.2843 -28.2843 44
      vertex -25.3757 -30.9204 39
      vertex -28.2843 -28.2843 39
    endloop
  endfacet
  facet normal 0.336887 0.941545 -0
    outer loop
      vertex -11.6114 -38.2776 39
      vertex -15.3073 -36.9552 44
      vertex -11.6114 -38.2776 44
    endloop
  endfacet
  facet normal 0.336887 0.941545 0
    outer loop
      vertex -15.3073 -36.9552 44
      vertex -11.6114 -38.2776 39
      vertex -15.3073 -36.9552 39
    endloop
  endfacet
  facet normal 0.857733 0.514095 0
    outer loop
      vertex -33.2588 -22.2228 44
      vertex -35.2768 -18.8559 39
      vertex -35.2768 -18.8559 44
    endloop
  endfacet
  facet normal 0.857733 0.514095 0
    outer loop
      vertex -35.2768 -18.8559 39
      vertex -33.2588 -22.2228 44
      vertex -33.2588 -22.2228 39
    endloop
  endfacet
  facet normal 0.24298 0.970031 -0
    outer loop
      vertex -7.80361 -39.2314 39
      vertex -11.6114 -38.2776 44
      vertex -7.80361 -39.2314 44
    endloop
  endfacet
  facet normal 0.24298 0.970031 0
    outer loop
      vertex -11.6114 -38.2776 44
      vertex -7.80361 -39.2314 39
      vertex -11.6114 -38.2776 39
    endloop
  endfacet
  facet normal 0.989176 0.146736 0
    outer loop
      vertex -39.2314 -7.80361 44
      vertex -39.8074 -3.92068 39
      vertex -39.8074 -3.92068 44
    endloop
  endfacet
  facet normal 0.989176 0.146736 0
    outer loop
      vertex -39.8074 -3.92068 39
      vertex -39.2314 -7.80361 44
      vertex -39.2314 -7.80361 39
    endloop
  endfacet
  facet normal 0.595708 0.803201 -0
    outer loop
      vertex -22.2228 -33.2588 39
      vertex -25.3757 -30.9204 44
      vertex -22.2228 -33.2588 44
    endloop
  endfacet
  facet normal 0.595708 0.803201 0
    outer loop
      vertex -25.3757 -30.9204 44
      vertex -22.2228 -33.2588 39
      vertex -25.3757 -30.9204 39
    endloop
  endfacet
  facet normal 0.671545 0.740964 -0
    outer loop
      vertex -25.3757 -30.9204 -44
      vertex -28.2843 -28.2843 -39
      vertex -25.3757 -30.9204 -39
    endloop
  endfacet
  facet normal 0.671545 0.740964 0
    outer loop
      vertex -28.2843 -28.2843 -39
      vertex -25.3757 -30.9204 -44
      vertex -28.2843 -28.2843 -44
    endloop
  endfacet
  facet normal 0.514095 0.857733 -0
    outer loop
      vertex -18.8559 -35.2768 -44
      vertex -22.2228 -33.2588 -39
      vertex -18.8559 -35.2768 -39
    endloop
  endfacet
  facet normal 0.514095 0.857733 0
    outer loop
      vertex -22.2228 -33.2588 -39
      vertex -18.8559 -35.2768 -44
      vertex -22.2228 -33.2588 -44
    endloop
  endfacet
  facet normal 0.146736 0.989176 -0
    outer loop
      vertex -3.92068 -39.8074 -44
      vertex -7.80361 -39.2314 -39
      vertex -3.92068 -39.8074 -39
    endloop
  endfacet
  facet normal 0.146736 0.989176 0
    outer loop
      vertex -7.80361 -39.2314 -39
      vertex -3.92068 -39.8074 -44
      vertex -7.80361 -39.2314 -44
    endloop
  endfacet
  facet normal 0.857733 0.514095 0
    outer loop
      vertex -33.2588 -22.2228 -39
      vertex -35.2768 -18.8559 -44
      vertex -35.2768 -18.8559 -39
    endloop
  endfacet
  facet normal 0.857733 0.514095 0
    outer loop
      vertex -35.2768 -18.8559 -44
      vertex -33.2588 -22.2228 -39
      vertex -33.2588 -22.2228 -44
    endloop
  endfacet
  facet normal 0.970031 0.24298 0
    outer loop
      vertex -38.2776 -11.6114 -39
      vertex -39.2314 -7.80361 -44
      vertex -39.2314 -7.80361 -39
    endloop
  endfacet
  facet normal 0.970031 0.24298 0
    outer loop
      vertex -39.2314 -7.80361 -44
      vertex -38.2776 -11.6114 -39
      vertex -38.2776 -11.6114 -44
    endloop
  endfacet
  facet normal 0.941545 0.336887 0
    outer loop
      vertex -36.9552 -15.3073 -39
      vertex -38.2776 -11.6114 -44
      vertex -38.2776 -11.6114 -39
    endloop
  endfacet
  facet normal 0.941545 0.336887 0
    outer loop
      vertex -38.2776 -11.6114 -44
      vertex -36.9552 -15.3073 -39
      vertex -36.9552 -15.3073 -44
    endloop
  endfacet
  facet normal 0.998796 0.049065 0
    outer loop
      vertex -39.8074 -3.92068 -39
      vertex -40 0 -44
      vertex -40 0 -39
    endloop
  endfacet
  facet normal 0.998796 0.049065 0
    outer loop
      vertex -40 0 -44
      vertex -39.8074 -3.92068 -39
      vertex -39.8074 -3.92068 -44
    endloop
  endfacet
  facet normal 0.336887 0.941545 -0
    outer loop
      vertex -11.6114 -38.2776 -44
      vertex -15.3073 -36.9552 -39
      vertex -11.6114 -38.2776 -39
    endloop
  endfacet
  facet normal 0.336887 0.941545 0
    outer loop
      vertex -15.3073 -36.9552 -39
      vertex -11.6114 -38.2776 -44
      vertex -15.3073 -36.9552 -44
    endloop
  endfacet
  facet normal 0.24298 0.970031 -0
    outer loop
      vertex -7.80361 -39.2314 -44
      vertex -11.6114 -38.2776 -39
      vertex -7.80361 -39.2314 -39
    endloop
  endfacet
  facet normal 0.24298 0.970031 0
    outer loop
      vertex -11.6114 -38.2776 -39
      vertex -7.80361 -39.2314 -44
      vertex -11.6114 -38.2776 -44
    endloop
  endfacet
  facet normal 0.803201 0.595708 0
    outer loop
      vertex -30.9204 -25.3757 -39
      vertex -33.2588 -22.2228 -44
      vertex -33.2588 -22.2228 -39
    endloop
  endfacet
  facet normal 0.803201 0.595708 0
    outer loop
      vertex -33.2588 -22.2228 -44
      vertex -30.9204 -25.3757 -39
      vertex -30.9204 -25.3757 -44
    endloop
  endfacet
  facet normal 0.903986 0.427563 0
    outer loop
      vertex -35.2768 -18.8559 -39
      vertex -36.9552 -15.3073 -44
      vertex -36.9552 -15.3073 -39
    endloop
  endfacet
  facet normal 0.903986 0.427563 0
    outer loop
      vertex -36.9552 -15.3073 -44
      vertex -35.2768 -18.8559 -39
      vertex -35.2768 -18.8559 -44
    endloop
  endfacet
  facet normal 0.427563 0.903986 -0
    outer loop
      vertex -15.3073 -36.9552 -44
      vertex -18.8559 -35.2768 -39
      vertex -15.3073 -36.9552 -39
    endloop
  endfacet
  facet normal 0.427563 0.903986 0
    outer loop
      vertex -18.8559 -35.2768 -39
      vertex -15.3073 -36.9552 -44
      vertex -18.8559 -35.2768 -44
    endloop
  endfacet
  facet normal 0.989176 0.146736 0
    outer loop
      vertex -39.2314 -7.80361 -39
      vertex -39.8074 -3.92068 -44
      vertex -39.8074 -3.92068 -39
    endloop
  endfacet
  facet normal 0.989176 0.146736 0
    outer loop
      vertex -39.8074 -3.92068 -44
      vertex -39.2314 -7.80361 -39
      vertex -39.2314 -7.80361 -44
    endloop
  endfacet
  facet normal 0.740964 0.671545 0
    outer loop
      vertex -28.2843 -28.2843 -39
      vertex -30.9204 -25.3757 -44
      vertex -30.9204 -25.3757 -39
    endloop
  endfacet
  facet normal 0.740964 0.671545 0
    outer loop
      vertex -30.9204 -25.3757 -44
      vertex -28.2843 -28.2843 -39
      vertex -28.2843 -28.2843 -44
    endloop
  endfacet
  facet normal 0.595708 0.803201 -0
    outer loop
      vertex -22.2228 -33.2588 -44
      vertex -25.3757 -30.9204 -39
      vertex -22.2228 -33.2588 -39
    endloop
  endfacet
  facet normal 0.595708 0.803201 0
    outer loop
      vertex -25.3757 -30.9204 -39
      vertex -22.2228 -33.2588 -44
      vertex -25.3757 -30.9204 -44
    endloop
  endfacet
  facet normal 0.049065 0.998796 -0
    outer loop
      vertex 0 -40 -44
      vertex -3.92068 -39.8074 -39
      vertex 0 -40 -39
    endloop
  endfacet
  facet normal 0.049065 0.998796 0
    outer loop
      vertex -3.92068 -39.8074 -39
      vertex 0 -40 -44
      vertex -3.92068 -39.8074 -44
    endloop
  endfacet
  facet normal -0.989179 -0.146716 0
    outer loop
      vertex -4.90393 -0.975451 -44
      vertex -4.97592 -0.490086 44
      vertex -4.97592 -0.490086 -44
    endloop
  endfacet
  facet normal -0.989179 -0.146716 0
    outer loop
      vertex -4.97592 -0.490086 44
      vertex -4.90393 -0.975451 -44
      vertex -4.90393 -0.975451 44
    endloop
  endfacet
  facet normal -0.740943 -0.671568 0
    outer loop
      vertex -3.53553 -3.53553 -44
      vertex -3.86505 -3.17197 44
      vertex -3.86505 -3.17197 -44
    endloop
  endfacet
  facet normal -0.740943 -0.671568 0
    outer loop
      vertex -3.86505 -3.17197 44
      vertex -3.53553 -3.53553 -44
      vertex -3.53553 -3.53553 44
    endloop
  endfacet
  facet normal -0.5957 -0.803207 0
    outer loop
      vertex -3.17197 -3.86505 -44
      vertex -2.77785 -4.15735 44
      vertex -3.17197 -3.86505 44
    endloop
  endfacet
  facet normal -0.5957 -0.803207 -0
    outer loop
      vertex -2.77785 -4.15735 44
      vertex -3.17197 -3.86505 -44
      vertex -2.77785 -4.15735 -44
    endloop
  endfacet
  facet normal -0.970028 -0.242992 0
    outer loop
      vertex -4.7847 -1.45142 -44
      vertex -4.90393 -0.975451 44
      vertex -4.90393 -0.975451 -44
    endloop
  endfacet
  facet normal -0.970028 -0.242992 0
    outer loop
      vertex -4.90393 -0.975451 44
      vertex -4.7847 -1.45142 -44
      vertex -4.7847 -1.45142 44
    endloop
  endfacet
  facet normal -0.242992 -0.970028 0
    outer loop
      vertex -1.45142 -4.7847 -44
      vertex -0.975451 -4.90393 44
      vertex -1.45142 -4.7847 44
    endloop
  endfacet
  facet normal -0.242992 -0.970028 -0
    outer loop
      vertex -0.975451 -4.90393 44
      vertex -1.45142 -4.7847 -44
      vertex -0.975451 -4.90393 -44
    endloop
  endfacet
  facet normal -0.427558 -0.903988 0
    outer loop
      vertex -2.35698 -4.40961 -44
      vertex -1.91342 -4.6194 44
      vertex -2.35698 -4.40961 44
    endloop
  endfacet
  facet normal -0.427558 -0.903988 -0
    outer loop
      vertex -1.91342 -4.6194 44
      vertex -2.35698 -4.40961 -44
      vertex -1.91342 -4.6194 -44
    endloop
  endfacet
  facet normal -0.146716 -0.989179 0
    outer loop
      vertex -0.975451 -4.90393 -44
      vertex -0.490086 -4.97592 44
      vertex -0.975451 -4.90393 44
    endloop
  endfacet
  facet normal -0.146716 -0.989179 -0
    outer loop
      vertex -0.490086 -4.97592 44
      vertex -0.975451 -4.90393 -44
      vertex -0.490086 -4.97592 -44
    endloop
  endfacet
  facet normal -0.803207 -0.5957 0
    outer loop
      vertex -3.86505 -3.17197 -44
      vertex -4.15735 -2.77785 44
      vertex -4.15735 -2.77785 -44
    endloop
  endfacet
  facet normal -0.803207 -0.5957 0
    outer loop
      vertex -4.15735 -2.77785 44
      vertex -3.86505 -3.17197 -44
      vertex -3.86505 -3.17197 44
    endloop
  endfacet
  facet normal -0.998795 -0.049075 0
    outer loop
      vertex -4.97592 -0.490086 -44
      vertex -5 0 44
      vertex -5 0 -44
    endloop
  endfacet
  facet normal -0.998795 -0.049075 0
    outer loop
      vertex -5 0 44
      vertex -4.97592 -0.490086 -44
      vertex -4.97592 -0.490086 44
    endloop
  endfacet
  facet normal -0.514103 -0.857728 0
    outer loop
      vertex -2.77785 -4.15735 -44
      vertex -2.35698 -4.40961 44
      vertex -2.77785 -4.15735 44
    endloop
  endfacet
  facet normal -0.514103 -0.857728 -0
    outer loop
      vertex -2.35698 -4.40961 44
      vertex -2.77785 -4.15735 -44
      vertex -2.35698 -4.40961 -44
    endloop
  endfacet
  facet normal -0.903988 -0.427558 0
    outer loop
      vertex -4.40961 -2.35698 -44
      vertex -4.6194 -1.91342 44
      vertex -4.6194 -1.91342 -44
    endloop
  endfacet
  facet normal -0.903988 -0.427558 0
    outer loop
      vertex -4.6194 -1.91342 44
      vertex -4.40961 -2.35698 -44
      vertex -4.40961 -2.35698 44
    endloop
  endfacet
  facet normal -0.049075 -0.998795 0
    outer loop
      vertex -0.490086 -4.97592 -44
      vertex 0 -5 44
      vertex -0.490086 -4.97592 44
    endloop
  endfacet
  facet normal -0.049075 -0.998795 -0
    outer loop
      vertex 0 -5 44
      vertex -0.490086 -4.97592 -44
      vertex 0 -5 -44
    endloop
  endfacet
  facet normal -0.941548 -0.336879 0
    outer loop
      vertex -4.6194 -1.91342 -44
      vertex -4.7847 -1.45142 44
      vertex -4.7847 -1.45142 -44
    endloop
  endfacet
  facet normal -0.941548 -0.336879 0
    outer loop
      vertex -4.7847 -1.45142 44
      vertex -4.6194 -1.91342 -44
      vertex -4.6194 -1.91342 44
    endloop
  endfacet
  facet normal -0.857728 -0.514103 0
    outer loop
      vertex -4.15735 -2.77785 -44
      vertex -4.40961 -2.35698 44
      vertex -4.40961 -2.35698 -44
    endloop
  endfacet
  facet normal -0.857728 -0.514103 0
    outer loop
      vertex -4.40961 -2.35698 44
      vertex -4.15735 -2.77785 -44
      vertex -4.15735 -2.77785 44
    endloop
  endfacet
  facet normal -0.336879 -0.941548 0
    outer loop
      vertex -1.91342 -4.6194 -44
      vertex -1.45142 -4.7847 44
      vertex -1.91342 -4.6194 44
    endloop
  endfacet
  facet normal -0.336879 -0.941548 -0
    outer loop
      vertex -1.45142 -4.7847 44
      vertex -1.91342 -4.6194 -44
      vertex -1.45142 -4.7847 -44
    endloop
  endfacet
  facet normal -0.671568 -0.740943 0
    outer loop
      vertex -3.53553 -3.53553 -44
      vertex -3.17197 -3.86505 44
      vertex -3.53553 -3.53553 44
    endloop
  endfacet
  facet normal -0.671568 -0.740943 -0
    outer loop
      vertex -3.17197 -3.86505 44
      vertex -3.53553 -3.53553 -44
      vertex -3.17197 -3.86505 -44
    endloop
  endfacet
  facet normal -0.514094 -0.857734 0
    outer loop
      vertex -24.4451 -36.5847 -46
      vertex -20.7415 -38.8045 46
      vertex -24.4451 -36.5847 46
    endloop
  endfacet
  facet normal -0.514094 -0.857734 -0
    outer loop
      vertex -20.7415 -38.8045 46
      vertex -24.4451 -36.5847 -46
      vertex -20.7415 -38.8045 -46
    endloop
  endfacet
  facet normal -0.0490742 -0.998795 0
    outer loop
      vertex -4.31275 -43.7881 -46
      vertex 0 -44 46
      vertex -4.31275 -43.7881 46
    endloop
  endfacet
  facet normal -0.0490742 -0.998795 -0
    outer loop
      vertex 0 -44 46
      vertex -4.31275 -43.7881 -46
      vertex 0 -44 -46
    endloop
  endfacet
  facet normal -0.427561 -0.903987 0
    outer loop
      vertex -20.7415 -38.8045 -46
      vertex -16.8381 -40.6507 46
      vertex -20.7415 -38.8045 46
    endloop
  endfacet
  facet normal -0.427561 -0.903987 -0
    outer loop
      vertex -16.8381 -40.6507 46
      vertex -20.7415 -38.8045 -46
      vertex -16.8381 -40.6507 -46
    endloop
  endfacet
  facet normal -0.671563 -0.740947 0
    outer loop
      vertex -31.1127 -31.1127 -46
      vertex -27.9133 -34.0125 46
      vertex -31.1127 -31.1127 46
    endloop
  endfacet
  facet normal -0.671563 -0.740947 -0
    outer loop
      vertex -27.9133 -34.0125 46
      vertex -31.1127 -31.1127 -46
      vertex -27.9133 -34.0125 -46
    endloop
  endfacet
  facet normal -0.242986 -0.97003 0
    outer loop
      vertex -12.7725 -42.1054 -46
      vertex -8.58397 -43.1546 46
      vertex -12.7725 -42.1054 46
    endloop
  endfacet
  facet normal -0.242986 -0.97003 -0
    outer loop
      vertex -8.58397 -43.1546 46
      vertex -12.7725 -42.1054 -46
      vertex -8.58397 -43.1546 -46
    endloop
  endfacet
  facet normal -0.857734 -0.514094 0
    outer loop
      vertex -36.5847 -24.4451 -46
      vertex -38.8045 -20.7415 46
      vertex -38.8045 -20.7415 -46
    endloop
  endfacet
  facet normal -0.857734 -0.514094 0
    outer loop
      vertex -38.8045 -20.7415 46
      vertex -36.5847 -24.4451 -46
      vertex -36.5847 -24.4451 46
    endloop
  endfacet
  facet normal -0.998795 -0.0490742 0
    outer loop
      vertex -43.7881 -4.31275 -46
      vertex -44 0 46
      vertex -44 0 -46
    endloop
  endfacet
  facet normal -0.998795 -0.0490742 0
    outer loop
      vertex -44 0 46
      vertex -43.7881 -4.31275 -46
      vertex -43.7881 -4.31275 46
    endloop
  endfacet
  facet normal -0.97003 -0.242986 0
    outer loop
      vertex -42.1054 -12.7725 -46
      vertex -43.1546 -8.58397 46
      vertex -43.1546 -8.58397 -46
    endloop
  endfacet
  facet normal -0.97003 -0.242986 0
    outer loop
      vertex -43.1546 -8.58397 46
      vertex -42.1054 -12.7725 -46
      vertex -42.1054 -12.7725 46
    endloop
  endfacet
  facet normal -0.941544 -0.336891 0
    outer loop
      vertex -40.6507 -16.8381 -46
      vertex -42.1054 -12.7725 46
      vertex -42.1054 -12.7725 -46
    endloop
  endfacet
  facet normal -0.941544 -0.336891 0
    outer loop
      vertex -42.1054 -12.7725 46
      vertex -40.6507 -16.8381 -46
      vertex -40.6507 -16.8381 46
    endloop
  endfacet
  facet normal -0.740947 -0.671563 0
    outer loop
      vertex -31.1127 -31.1127 -46
      vertex -34.0125 -27.9133 46
      vertex -34.0125 -27.9133 -46
    endloop
  endfacet
  facet normal -0.740947 -0.671563 0
    outer loop
      vertex -34.0125 -27.9133 46
      vertex -31.1127 -31.1127 -46
      vertex -31.1127 -31.1127 46
    endloop
  endfacet
  facet normal -0.803207 -0.5957 0
    outer loop
      vertex -34.0125 -27.9133 -46
      vertex -36.5847 -24.4451 46
      vertex -36.5847 -24.4451 -46
    endloop
  endfacet
  facet normal -0.803207 -0.5957 0
    outer loop
      vertex -36.5847 -24.4451 46
      vertex -34.0125 -27.9133 -46
      vertex -34.0125 -27.9133 46
    endloop
  endfacet
  facet normal -0.989179 -0.146713 0
    outer loop
      vertex -43.1546 -8.58397 -46
      vertex -43.7881 -4.31275 46
      vertex -43.7881 -4.31275 -46
    endloop
  endfacet
  facet normal -0.989179 -0.146713 0
    outer loop
      vertex -43.7881 -4.31275 46
      vertex -43.1546 -8.58397 -46
      vertex -43.1546 -8.58397 46
    endloop
  endfacet
  facet normal -0.336891 -0.941544 0
    outer loop
      vertex -16.8381 -40.6507 -46
      vertex -12.7725 -42.1054 46
      vertex -16.8381 -40.6507 46
    endloop
  endfacet
  facet normal -0.336891 -0.941544 -0
    outer loop
      vertex -12.7725 -42.1054 46
      vertex -16.8381 -40.6507 -46
      vertex -12.7725 -42.1054 -46
    endloop
  endfacet
  facet normal -0.903987 -0.427561 0
    outer loop
      vertex -38.8045 -20.7415 -46
      vertex -40.6507 -16.8381 46
      vertex -40.6507 -16.8381 -46
    endloop
  endfacet
  facet normal -0.903987 -0.427561 0
    outer loop
      vertex -40.6507 -16.8381 46
      vertex -38.8045 -20.7415 -46
      vertex -38.8045 -20.7415 46
    endloop
  endfacet
  facet normal -0.146713 -0.989179 0
    outer loop
      vertex -8.58397 -43.1546 -46
      vertex -4.31275 -43.7881 46
      vertex -8.58397 -43.1546 46
    endloop
  endfacet
  facet normal -0.146713 -0.989179 -0
    outer loop
      vertex -4.31275 -43.7881 46
      vertex -8.58397 -43.1546 -46
      vertex -4.31275 -43.7881 -46
    endloop
  endfacet
  facet normal -0.5957 -0.803207 0
    outer loop
      vertex -27.9133 -34.0125 -46
      vertex -24.4451 -36.5847 46
      vertex -27.9133 -34.0125 46
    endloop
  endfacet
  facet normal -0.5957 -0.803207 -0
    outer loop
      vertex -24.4451 -36.5847 46
      vertex -27.9133 -34.0125 -46
      vertex -24.4451 -36.5847 -46
    endloop
  endfacet
endsolid OpenSCAD_Model
